Usando la configuración de inicio de C:\Users\LIDERTECNOLOGIA\OneDrive - ESPECIALISTAS EN CASA MEDICINA DOMICILIARIA SAS\Documentos\proyectos\intranet\IntranetPrueba\Properties\launchSettings.json...
info: Microsoft.EntityFrameworkCore.Database.Command[20101]
      Executed DbCommand (143ms) [Parameters=[], CommandType='Text', CommandTimeout='30']
      SELECT "MigrationId", "ProductVersion"
      FROM "__EFMigrationsHistory"
      ORDER BY "MigrationId";
info: Microsoft.EntityFrameworkCore.Database.Command[20101]
      Executed DbCommand (111ms) [Parameters=[], CommandType='Text', CommandTimeout='30']
      SELECT 1
info: Microsoft.EntityFrameworkCore.Database.Command[20101]
      Executed DbCommand (111ms) [Parameters=[], CommandType='Text', CommandTimeout='30']
      CREATE TABLE IF NOT EXISTS "__EFMigrationsHistory" (
          "MigrationId" character varying(150) NOT NULL,
          "ProductVersion" character varying(32) NOT NULL,
          CONSTRAINT "PK___EFMigrationsHistory" PRIMARY KEY ("MigrationId")
      );
info: Microsoft.EntityFrameworkCore.Database.Command[20101]
      Executed DbCommand (101ms) [Parameters=[], CommandType='Text', CommandTimeout='30']
      LOCK TABLE "__EFMigrationsHistory" IN ACCESS EXCLUSIVE MODE
info: Microsoft.EntityFrameworkCore.Database.Command[20101]
      Executed DbCommand (102ms) [Parameters=[], CommandType='Text', CommandTimeout='30']
      SELECT "MigrationId", "ProductVersion"
      FROM "__EFMigrationsHistory"
      ORDER BY "MigrationId";
info: Microsoft.EntityFrameworkCore.Migrations[20405]
      No migrations were applied. The database is already up to date.
info: Microsoft.EntityFrameworkCore.Database.Command[20101]
      Executed DbCommand (106ms) [Parameters=[], CommandType='Text', CommandTimeout='30']
      SELECT p."Code"
      FROM "Permissions" AS p
info: Microsoft.EntityFrameworkCore.Database.Command[20101]
      Executed DbCommand (338ms) [Parameters=[@normalizedNames='?' (DbType = Object)], CommandType='Text', CommandTimeout='30']
      SELECT m."Id", m."BombaInfusion", m."CadenaFrio", m."ConcentracionMiligramos", m."DilucionRecomendada", m."EquipoFotosensible", m."Flebozantes", m."IsActive", m."Jeringa", m."MarcacionRiesgo", m."Nombre", m."NormalizedNombre", m."PresentacionRequisicion", m."SolucionParaDilucion", m."TiempoEstabilidad", m."TiempoInfusionMinutos", m."UpdatedAtUtc", m."VehiculoReconstitucion"
      FROM "Medicamentos" AS m
      WHERE m."NormalizedNombre" = ANY (@normalizedNames)
info: Microsoft.EntityFrameworkCore.Database.Command[20101]
      Executed DbCommand (165ms) [Parameters=[@p2='?' (DbType = Int64), @p0='?', @p1='?' (DbType = DateTime), @p4='?' (DbType = Int64), @p3='?' (DbType = DateTime), @p6='?' (DbType = Int64), @p5='?' (DbType = DateTime), @p8='?' (DbType = Int64), @p7='?' (DbType = DateTime), @p10='?' (DbType = Int64), @p9='?' (DbType = DateTime), @p12='?' (DbType = Int64), @p11='?' (DbType = DateTime), @p14='?' (DbType = Int64), @p13='?' (DbType = DateTime), @p17='?' (DbType = Int64), @p15='?', @p16='?' (DbType = DateTime), @p20='?' (DbType = Int64), @p18='?', @p19='?' (DbType = DateTime), @p22='?' (DbType = Int64), @p21='?' (DbType = DateTime), @p24='?' (DbType = Int64), @p23='?' (DbType = DateTime), @p26='?' (DbType = Int64), @p25='?' (DbType = DateTime), @p28='?' (DbType = Int64), @p27='?' (DbType = DateTime), @p30='?' (DbType = Int64), @p29='?' (DbType = DateTime), @p32='?' (DbType = Int64), @p31='?' (DbType = DateTime), @p34='?' (DbType = Int64), @p33='?' (DbType = DateTime), @p36='?' (DbType = Int64), @p35='?' (DbType = DateTime), @p38='?' (DbType = Int64), @p37='?' (DbType = DateTime), @p40='?' (DbType = Int64), @p39='?' (DbType = DateTime), @p42='?' (DbType = Int64), @p41='?' (DbType = DateTime), @p44='?' (DbType = Int64), @p43='?' (DbType = DateTime), @p46='?' (DbType = Int64), @p45='?' (DbType = DateTime), @p48='?' (DbType = Int64), @p47='?' (DbType = DateTime), @p50='?' (DbType = Int64), @p49='?' (DbType = DateTime), @p52='?' (DbType = Int64), @p51='?' (DbType = DateTime), @p54='?' (DbType = Int64), @p53='?' (DbType = DateTime), @p56='?' (DbType = Int64), @p55='?' (DbType = DateTime), @p59='?' (DbType = Int64), @p57='?', @p58='?' (DbType = DateTime), @p62='?' (DbType = Int64), @p60='?', @p61='?' (DbType = DateTime), @p65='?' (DbType = Int64), @p63='?', @p64='?' (DbType = DateTime), @p68='?' (DbType = Int64), @p66='?', @p67='?' (DbType = DateTime), @p71='?' (DbType = Int64), @p69='?', @p70='?' (DbType = DateTime), @p74='?' (DbType = Int64), @p72='?', @p73='?' (DbType = DateTime), @p77='?' (DbType = Int64), @p75='?', @p76='?' (DbType = DateTime), @p80='?' (DbType = Int64), @p78='?', @p79='?' (DbType = DateTime), @p83='?' (DbType = Int64), @p81='?', @p82='?' (DbType = DateTime), @p86='?' (DbType = Int64), @p84='?', @p85='?' (DbType = DateTime), @p88='?' (DbType = Int64), @p87='?' (DbType = DateTime), @p90='?' (DbType = Int64), @p89='?' (DbType = DateTime), @p92='?' (DbType = Int64), @p91='?' (DbType = DateTime), @p94='?' (DbType = Int64), @p93='?' (DbType = DateTime), @p97='?' (DbType = Int64), @p95='?', @p96='?' (DbType = DateTime), @p99='?' (DbType = Int64), @p98='?' (DbType = DateTime), @p101='?' (DbType = Int64), @p100='?' (DbType = DateTime), @p103='?' (DbType = Int64), @p102='?' (DbType = DateTime), @p105='?' (DbType = Int64), @p104='?' (DbType = DateTime), @p107='?' (DbType = Int64), @p106='?' (DbType = DateTime), @p109='?' (DbType = Int64), @p108='?' (DbType = DateTime), @p111='?' (DbType = Int64), @p110='?' (DbType = DateTime), @p113='?' (DbType = Int64), @p112='?' (DbType = DateTime), @p115='?' (DbType = Int64), @p114='?' (DbType = DateTime), @p117='?' (DbType = Int64), @p116='?' (DbType = DateTime), @p119='?' (DbType = Int64), @p118='?' (DbType = DateTime), @p121='?' (DbType = Int64), @p120='?' (DbType = DateTime), @p123='?' (DbType = Int64), @p122='?' (DbType = DateTime), @p125='?' (DbType = Int64), @p124='?' (DbType = DateTime), @p127='?' (DbType = Int64), @p126='?' (DbType = DateTime), @p129='?' (DbType = Int64), @p128='?' (DbType = DateTime), @p131='?' (DbType = Int64), @p130='?' (DbType = DateTime), @p134='?' (DbType = Int64), @p132='?', @p133='?' (DbType = DateTime), @p136='?' (DbType = Int64), @p135='?' (DbType = DateTime), @p138='?' (DbType = Int64), @p137='?' (DbType = DateTime), @p140='?' (DbType = Int64), @p139='?' (DbType = DateTime), @p142='?' (DbType = Int64), @p141='?' (DbType = DateTime), @p144='?' (DbType = Int64), @p143='?' (DbType = DateTime), @p146='?' (DbType = Int64), @p145='?' (DbType = DateTime), @p148='?' (DbType = Int64), @p147='?' (DbType = DateTime), @p150='?' (DbType = Int64), @p149='?' (DbType = DateTime), @p152='?' (DbType = Int64), @p151='?' (DbType = DateTime), @p154='?' (DbType = Int64), @p153='?' (DbType = DateTime), @p156='?' (DbType = Int64), @p155='?' (DbType = DateTime), @p158='?' (DbType = Int64), @p157='?' (DbType = DateTime), @p160='?' (DbType = Int64), @p159='?' (DbType = DateTime), @p162='?' (DbType = Int64), @p161='?' (DbType = DateTime), @p164='?' (DbType = Int64), @p163='?' (DbType = DateTime), @p166='?' (DbType = Int64), @p165='?' (DbType = DateTime), @p168='?' (DbType = Int64), @p167='?' (DbType = DateTime), @p170='?' (DbType = Int64), @p169='?' (DbType = DateTime), @p172='?' (DbType = Int64), @p171='?' (DbType = DateTime), @p174='?' (DbType = Int64), @p173='?' (DbType = DateTime), @p176='?' (DbType = Int64), @p175='?' (DbType = DateTime), @p178='?' (DbType = Int64), @p177='?' (DbType = DateTime), @p180='?' (DbType = Int64), @p179='?' (DbType = DateTime), @p182='?' (DbType = Int64), @p181='?' (DbType = DateTime), @p184='?' (DbType = Int64), @p183='?' (DbType = DateTime), @p186='?' (DbType = Int64), @p185='?' (DbType = DateTime), @p188='?' (DbType = Int64), @p187='?' (DbType = DateTime), @p190='?' (DbType = Int64), @p189='?' (DbType = DateTime), @p193='?' (DbType = Int64), @p191='?', @p192='?' (DbType = DateTime), @p196='?' (DbType = Int64), @p194='?', @p195='?' (DbType = DateTime), @p198='?' (DbType = Int64), @p197='?' (DbType = DateTime), @p200='?' (DbType = Int64), @p199='?' (DbType = DateTime), @p202='?' (DbType = Int64), @p201='?' (DbType = DateTime), @p204='?' (DbType = Int64), @p203='?' (DbType = DateTime), @p206='?' (DbType = Int64), @p205='?' (DbType = DateTime), @p208='?' (DbType = Int64), @p207='?' (DbType = DateTime), @p210='?' (DbType = Int64), @p209='?' (DbType = DateTime), @p212='?' (DbType = Int64), @p211='?' (DbType = DateTime), @p214='?' (DbType = Int64), @p213='?' (DbType = DateTime), @p216='?' (DbType = Int64), @p215='?' (DbType = DateTime), @p218='?' (DbType = Int64), @p217='?' (DbType = DateTime), @p220='?' (DbType = Int64), @p219='?' (DbType = DateTime), @p222='?' (DbType = Int64), @p221='?' (DbType = DateTime), @p224='?' (DbType = Int64), @p223='?' (DbType = DateTime), @p226='?' (DbType = Int64), @p225='?' (DbType = DateTime), @p228='?' (DbType = Int64), @p227='?' (DbType = DateTime), @p230='?' (DbType = Int64), @p229='?' (DbType = DateTime), @p232='?' (DbType = Int64), @p231='?' (DbType = DateTime), @p234='?' (DbType = Int64), @p233='?' (DbType = DateTime), @p236='?' (DbType = Int64), @p235='?' (DbType = DateTime), @p238='?' (DbType = Int64), @p237='?' (DbType = DateTime), @p240='?' (DbType = Int64), @p239='?' (DbType = DateTime), @p242='?' (DbType = Int64), @p241='?' (DbType = DateTime), @p244='?' (DbType = Int64), @p243='?' (DbType = DateTime), @p246='?' (DbType = Int64), @p245='?' (DbType = DateTime), @p248='?' (DbType = Int64), @p247='?' (DbType = DateTime), @p250='?' (DbType = Int64), @p249='?' (DbType = DateTime), @p252='?' (DbType = Int64), @p251='?' (DbType = DateTime), @p254='?' (DbType = Int64), @p253='?' (DbType = DateTime), @p256='?' (DbType = Int64), @p255='?' (DbType = DateTime), @p258='?' (DbType = Int64), @p257='?' (DbType = DateTime), @p260='?' (DbType = Int64), @p259='?' (DbType = DateTime), @p262='?' (DbType = Int64), @p261='?' (DbType = DateTime), @p264='?' (DbType = Int64), @p263='?' (DbType = DateTime), @p266='?' (DbType = Int64), @p265='?' (DbType = DateTime), @p268='?' (DbType = Int64), @p267='?' (DbType = DateTime), @p270='?' (DbType = Int64), @p269='?' (DbType = DateTime), @p272='?' (DbType = Int64), @p271='?' (DbType = DateTime), @p274='?' (DbType = Int64), @p273='?' (DbType = DateTime), @p276='?' (DbType = Int64), @p275='?' (DbType = DateTime), @p278='?' (DbType = Int64), @p277='?' (DbType = DateTime), @p279='?', @p280='?', @p281='?', @p282='?', @p283='?', @p284='?', @p285='?', @p286='?', @p287='?', @p288='?', @p289='?', @p290='?', @p291='?', @p292='?', @p293='?' (DbType = DateTime), @p294='?', @p295='?', @p296='?', @p297='?', @p298='?', @p299='?', @p300='?', @p301='?', @p302='?', @p303='?', @p304='?', @p305='?', @p306='?', @p307='?', @p308='?', @p309='?' (DbType = DateTime), @p310='?', @p311='?', @p312='?', @p313='?', @p314='?', @p315='?', @p316='?', @p317='?', @p318='?', @p319='?', @p320='?', @p321='?', @p322='?', @p323='?', @p324='?', @p325='?' (DbType = DateTime), @p326='?', @p327='?', @p328='?', @p329='?', @p330='?', @p331='?', @p332='?', @p333='?', @p334='?', @p335='?', @p336='?', @p337='?', @p338='?', @p339='?', @p340='?', @p341='?' (DbType = DateTime), @p342='?', @p343='?', @p344='?', @p345='?', @p346='?', @p347='?', @p348='?', @p349='?', @p350='?', @p351='?', @p352='?', @p353='?', @p354='?', @p355='?', @p356='?', @p357='?' (DbType = DateTime), @p358='?'], CommandType='Text', CommandTimeout='30']
      UPDATE "Medicamentos" SET "DilucionRecomendada" = @p0, "UpdatedAtUtc" = @p1
      WHERE "Id" = @p2;
      UPDATE "Medicamentos" SET "UpdatedAtUtc" = @p3
      WHERE "Id" = @p4;
      UPDATE "Medicamentos" SET "UpdatedAtUtc" = @p5
      WHERE "Id" = @p6;
      UPDATE "Medicamentos" SET "UpdatedAtUtc" = @p7
      WHERE "Id" = @p8;
      UPDATE "Medicamentos" SET "UpdatedAtUtc" = @p9
      WHERE "Id" = @p10;
      UPDATE "Medicamentos" SET "UpdatedAtUtc" = @p11
      WHERE "Id" = @p12;
      UPDATE "Medicamentos" SET "UpdatedAtUtc" = @p13
      WHERE "Id" = @p14;
      UPDATE "Medicamentos" SET "DilucionRecomendada" = @p15, "UpdatedAtUtc" = @p16
      WHERE "Id" = @p17;
      UPDATE "Medicamentos" SET "DilucionRecomendada" = @p18, "UpdatedAtUtc" = @p19
      WHERE "Id" = @p20;
      UPDATE "Medicamentos" SET "UpdatedAtUtc" = @p21
      WHERE "Id" = @p22;
      UPDATE "Medicamentos" SET "UpdatedAtUtc" = @p23
      WHERE "Id" = @p24;
      UPDATE "Medicamentos" SET "UpdatedAtUtc" = @p25
      WHERE "Id" = @p26;
      UPDATE "Medicamentos" SET "UpdatedAtUtc" = @p27
      WHERE "Id" = @p28;
      UPDATE "Medicamentos" SET "UpdatedAtUtc" = @p29
      WHERE "Id" = @p30;
      UPDATE "Medicamentos" SET "UpdatedAtUtc" = @p31
      WHERE "Id" = @p32;
      UPDATE "Medicamentos" SET "UpdatedAtUtc" = @p33
      WHERE "Id" = @p34;
      UPDATE "Medicamentos" SET "UpdatedAtUtc" = @p35
      WHERE "Id" = @p36;
      UPDATE "Medicamentos" SET "UpdatedAtUtc" = @p37
      WHERE "Id" = @p38;
      UPDATE "Medicamentos" SET "UpdatedAtUtc" = @p39
      WHERE "Id" = @p40;
      UPDATE "Medicamentos" SET "UpdatedAtUtc" = @p41
      WHERE "Id" = @p42;
      UPDATE "Medicamentos" SET "UpdatedAtUtc" = @p43
      WHERE "Id" = @p44;
      UPDATE "Medicamentos" SET "UpdatedAtUtc" = @p45
      WHERE "Id" = @p46;
      UPDATE "Medicamentos" SET "UpdatedAtUtc" = @p47
      WHERE "Id" = @p48;
      UPDATE "Medicamentos" SET "UpdatedAtUtc" = @p49
      WHERE "Id" = @p50;
      UPDATE "Medicamentos" SET "UpdatedAtUtc" = @p51
      WHERE "Id" = @p52;
      UPDATE "Medicamentos" SET "UpdatedAtUtc" = @p53
      WHERE "Id" = @p54;
      UPDATE "Medicamentos" SET "UpdatedAtUtc" = @p55
      WHERE "Id" = @p56;
      UPDATE "Medicamentos" SET "DilucionRecomendada" = @p57, "UpdatedAtUtc" = @p58
      WHERE "Id" = @p59;
      UPDATE "Medicamentos" SET "DilucionRecomendada" = @p60, "UpdatedAtUtc" = @p61
      WHERE "Id" = @p62;
      UPDATE "Medicamentos" SET "DilucionRecomendada" = @p63, "UpdatedAtUtc" = @p64
      WHERE "Id" = @p65;
      UPDATE "Medicamentos" SET "DilucionRecomendada" = @p66, "UpdatedAtUtc" = @p67
      WHERE "Id" = @p68;
      UPDATE "Medicamentos" SET "DilucionRecomendada" = @p69, "UpdatedAtUtc" = @p70
      WHERE "Id" = @p71;
      UPDATE "Medicamentos" SET "DilucionRecomendada" = @p72, "UpdatedAtUtc" = @p73
      WHERE "Id" = @p74;
      UPDATE "Medicamentos" SET "DilucionRecomendada" = @p75, "UpdatedAtUtc" = @p76
      WHERE "Id" = @p77;
      UPDATE "Medicamentos" SET "DilucionRecomendada" = @p78, "UpdatedAtUtc" = @p79
      WHERE "Id" = @p80;
      UPDATE "Medicamentos" SET "DilucionRecomendada" = @p81, "UpdatedAtUtc" = @p82
      WHERE "Id" = @p83;
      UPDATE "Medicamentos" SET "DilucionRecomendada" = @p84, "UpdatedAtUtc" = @p85
      WHERE "Id" = @p86;
      UPDATE "Medicamentos" SET "UpdatedAtUtc" = @p87
      WHERE "Id" = @p88;
      UPDATE "Medicamentos" SET "UpdatedAtUtc" = @p89
      WHERE "Id" = @p90;
      UPDATE "Medicamentos" SET "UpdatedAtUtc" = @p91
      WHERE "Id" = @p92;
      UPDATE "Medicamentos" SET "UpdatedAtUtc" = @p93
      WHERE "Id" = @p94;
      UPDATE "Medicamentos" SET "DilucionRecomendada" = @p95, "UpdatedAtUtc" = @p96
      WHERE "Id" = @p97;
      UPDATE "Medicamentos" SET "UpdatedAtUtc" = @p98
      WHERE "Id" = @p99;
      UPDATE "Medicamentos" SET "UpdatedAtUtc" = @p100
      WHERE "Id" = @p101;
      UPDATE "Medicamentos" SET "UpdatedAtUtc" = @p102
      WHERE "Id" = @p103;
      UPDATE "Medicamentos" SET "UpdatedAtUtc" = @p104
      WHERE "Id" = @p105;
      UPDATE "Medicamentos" SET "UpdatedAtUtc" = @p106
      WHERE "Id" = @p107;
      UPDATE "Medicamentos" SET "UpdatedAtUtc" = @p108
      WHERE "Id" = @p109;
      UPDATE "Medicamentos" SET "UpdatedAtUtc" = @p110
      WHERE "Id" = @p111;
      UPDATE "Medicamentos" SET "UpdatedAtUtc" = @p112
      WHERE "Id" = @p113;
      UPDATE "Medicamentos" SET "UpdatedAtUtc" = @p114
      WHERE "Id" = @p115;
      UPDATE "Medicamentos" SET "UpdatedAtUtc" = @p116
      WHERE "Id" = @p117;
      UPDATE "Medicamentos" SET "UpdatedAtUtc" = @p118
      WHERE "Id" = @p119;
      UPDATE "Medicamentos" SET "UpdatedAtUtc" = @p120
      WHERE "Id" = @p121;
      UPDATE "Medicamentos" SET "UpdatedAtUtc" = @p122
      WHERE "Id" = @p123;
      UPDATE "Medicamentos" SET "UpdatedAtUtc" = @p124
      WHERE "Id" = @p125;
      UPDATE "Medicamentos" SET "UpdatedAtUtc" = @p126
      WHERE "Id" = @p127;
      UPDATE "Medicamentos" SET "UpdatedAtUtc" = @p128
      WHERE "Id" = @p129;
      UPDATE "Medicamentos" SET "UpdatedAtUtc" = @p130
      WHERE "Id" = @p131;
      UPDATE "Medicamentos" SET "DilucionRecomendada" = @p132, "UpdatedAtUtc" = @p133
      WHERE "Id" = @p134;
      UPDATE "Medicamentos" SET "UpdatedAtUtc" = @p135
      WHERE "Id" = @p136;
      UPDATE "Medicamentos" SET "UpdatedAtUtc" = @p137
      WHERE "Id" = @p138;
      UPDATE "Medicamentos" SET "UpdatedAtUtc" = @p139
      WHERE "Id" = @p140;
      UPDATE "Medicamentos" SET "UpdatedAtUtc" = @p141
      WHERE "Id" = @p142;
      UPDATE "Medicamentos" SET "UpdatedAtUtc" = @p143
      WHERE "Id" = @p144;
      UPDATE "Medicamentos" SET "UpdatedAtUtc" = @p145
      WHERE "Id" = @p146;
      UPDATE "Medicamentos" SET "UpdatedAtUtc" = @p147
      WHERE "Id" = @p148;
      UPDATE "Medicamentos" SET "UpdatedAtUtc" = @p149
      WHERE "Id" = @p150;
      UPDATE "Medicamentos" SET "UpdatedAtUtc" = @p151
      WHERE "Id" = @p152;
      UPDATE "Medicamentos" SET "UpdatedAtUtc" = @p153
      WHERE "Id" = @p154;
      UPDATE "Medicamentos" SET "UpdatedAtUtc" = @p155
      WHERE "Id" = @p156;
      UPDATE "Medicamentos" SET "UpdatedAtUtc" = @p157
      WHERE "Id" = @p158;
      UPDATE "Medicamentos" SET "UpdatedAtUtc" = @p159
      WHERE "Id" = @p160;
      UPDATE "Medicamentos" SET "UpdatedAtUtc" = @p161
      WHERE "Id" = @p162;
      UPDATE "Medicamentos" SET "UpdatedAtUtc" = @p163
      WHERE "Id" = @p164;
      UPDATE "Medicamentos" SET "UpdatedAtUtc" = @p165
      WHERE "Id" = @p166;
      UPDATE "Medicamentos" SET "UpdatedAtUtc" = @p167
      WHERE "Id" = @p168;
      UPDATE "Medicamentos" SET "UpdatedAtUtc" = @p169
      WHERE "Id" = @p170;
      UPDATE "Medicamentos" SET "UpdatedAtUtc" = @p171
      WHERE "Id" = @p172;
      UPDATE "Medicamentos" SET "UpdatedAtUtc" = @p173
      WHERE "Id" = @p174;
      UPDATE "Medicamentos" SET "UpdatedAtUtc" = @p175
      WHERE "Id" = @p176;
      UPDATE "Medicamentos" SET "UpdatedAtUtc" = @p177
      WHERE "Id" = @p178;
      UPDATE "Medicamentos" SET "UpdatedAtUtc" = @p179
      WHERE "Id" = @p180;
      UPDATE "Medicamentos" SET "UpdatedAtUtc" = @p181
      WHERE "Id" = @p182;
      UPDATE "Medicamentos" SET "UpdatedAtUtc" = @p183
      WHERE "Id" = @p184;
      UPDATE "Medicamentos" SET "UpdatedAtUtc" = @p185
      WHERE "Id" = @p186;
      UPDATE "Medicamentos" SET "UpdatedAtUtc" = @p187
      WHERE "Id" = @p188;
      UPDATE "Medicamentos" SET "UpdatedAtUtc" = @p189
      WHERE "Id" = @p190;
      UPDATE "Medicamentos" SET "DilucionRecomendada" = @p191, "UpdatedAtUtc" = @p192
      WHERE "Id" = @p193;
      UPDATE "Medicamentos" SET "DilucionRecomendada" = @p194, "UpdatedAtUtc" = @p195
      WHERE "Id" = @p196;
      UPDATE "Medicamentos" SET "UpdatedAtUtc" = @p197
      WHERE "Id" = @p198;
      UPDATE "Medicamentos" SET "UpdatedAtUtc" = @p199
      WHERE "Id" = @p200;
      UPDATE "Medicamentos" SET "UpdatedAtUtc" = @p201
      WHERE "Id" = @p202;
      UPDATE "Medicamentos" SET "UpdatedAtUtc" = @p203
      WHERE "Id" = @p204;
      UPDATE "Medicamentos" SET "UpdatedAtUtc" = @p205
      WHERE "Id" = @p206;
      UPDATE "Medicamentos" SET "UpdatedAtUtc" = @p207
      WHERE "Id" = @p208;
      UPDATE "Medicamentos" SET "UpdatedAtUtc" = @p209
      WHERE "Id" = @p210;
      UPDATE "Medicamentos" SET "UpdatedAtUtc" = @p211
      WHERE "Id" = @p212;
      UPDATE "Medicamentos" SET "UpdatedAtUtc" = @p213
      WHERE "Id" = @p214;
      UPDATE "Medicamentos" SET "UpdatedAtUtc" = @p215
      WHERE "Id" = @p216;
      UPDATE "Medicamentos" SET "UpdatedAtUtc" = @p217
      WHERE "Id" = @p218;
      UPDATE "Medicamentos" SET "UpdatedAtUtc" = @p219
      WHERE "Id" = @p220;
      UPDATE "Medicamentos" SET "UpdatedAtUtc" = @p221
      WHERE "Id" = @p222;
      UPDATE "Medicamentos" SET "UpdatedAtUtc" = @p223
      WHERE "Id" = @p224;
      UPDATE "Medicamentos" SET "UpdatedAtUtc" = @p225
      WHERE "Id" = @p226;
      UPDATE "Medicamentos" SET "UpdatedAtUtc" = @p227
      WHERE "Id" = @p228;
      UPDATE "Medicamentos" SET "UpdatedAtUtc" = @p229
      WHERE "Id" = @p230;
      UPDATE "Medicamentos" SET "UpdatedAtUtc" = @p231
      WHERE "Id" = @p232;
      UPDATE "Medicamentos" SET "UpdatedAtUtc" = @p233
      WHERE "Id" = @p234;
      UPDATE "Medicamentos" SET "UpdatedAtUtc" = @p235
      WHERE "Id" = @p236;
      UPDATE "Medicamentos" SET "UpdatedAtUtc" = @p237
      WHERE "Id" = @p238;
      UPDATE "Medicamentos" SET "UpdatedAtUtc" = @p239
      WHERE "Id" = @p240;
      UPDATE "Medicamentos" SET "UpdatedAtUtc" = @p241
      WHERE "Id" = @p242;
      UPDATE "Medicamentos" SET "UpdatedAtUtc" = @p243
      WHERE "Id" = @p244;
      UPDATE "Medicamentos" SET "UpdatedAtUtc" = @p245
      WHERE "Id" = @p246;
      UPDATE "Medicamentos" SET "UpdatedAtUtc" = @p247
      WHERE "Id" = @p248;
      UPDATE "Medicamentos" SET "UpdatedAtUtc" = @p249
      WHERE "Id" = @p250;
      UPDATE "Medicamentos" SET "UpdatedAtUtc" = @p251
      WHERE "Id" = @p252;
      UPDATE "Medicamentos" SET "UpdatedAtUtc" = @p253
      WHERE "Id" = @p254;
      UPDATE "Medicamentos" SET "UpdatedAtUtc" = @p255
      WHERE "Id" = @p256;
      UPDATE "Medicamentos" SET "UpdatedAtUtc" = @p257
      WHERE "Id" = @p258;
      UPDATE "Medicamentos" SET "UpdatedAtUtc" = @p259
      WHERE "Id" = @p260;
      UPDATE "Medicamentos" SET "UpdatedAtUtc" = @p261
      WHERE "Id" = @p262;
      UPDATE "Medicamentos" SET "UpdatedAtUtc" = @p263
      WHERE "Id" = @p264;
      UPDATE "Medicamentos" SET "UpdatedAtUtc" = @p265
      WHERE "Id" = @p266;
      UPDATE "Medicamentos" SET "UpdatedAtUtc" = @p267
      WHERE "Id" = @p268;
      UPDATE "Medicamentos" SET "UpdatedAtUtc" = @p269
      WHERE "Id" = @p270;
      UPDATE "Medicamentos" SET "UpdatedAtUtc" = @p271
      WHERE "Id" = @p272;
      UPDATE "Medicamentos" SET "UpdatedAtUtc" = @p273
      WHERE "Id" = @p274;
      UPDATE "Medicamentos" SET "UpdatedAtUtc" = @p275
      WHERE "Id" = @p276;
      UPDATE "Medicamentos" SET "UpdatedAtUtc" = @p277
      WHERE "Id" = @p278;
      INSERT INTO "Medicamentos" ("BombaInfusion", "CadenaFrio", "ConcentracionMiligramos", "DilucionRecomendada", "EquipoFotosensible", "Flebozantes", "Jeringa", "MarcacionRiesgo", "Nombre", "NormalizedNombre", "PresentacionRequisicion", "SolucionParaDilucion", "TiempoEstabilidad", "TiempoInfusionMinutos", "UpdatedAtUtc", "VehiculoReconstitucion")
      VALUES (@p279, @p280, @p281, @p282, @p283, @p284, @p285, @p286, @p287, @p288, @p289, @p290, @p291, @p292, @p293, @p294)
      RETURNING "Id", "IsActive";
      INSERT INTO "Medicamentos" ("BombaInfusion", "CadenaFrio", "ConcentracionMiligramos", "DilucionRecomendada", "EquipoFotosensible", "Flebozantes", "Jeringa", "MarcacionRiesgo", "Nombre", "NormalizedNombre", "PresentacionRequisicion", "SolucionParaDilucion", "TiempoEstabilidad", "TiempoInfusionMinutos", "UpdatedAtUtc", "VehiculoReconstitucion")
      VALUES (@p295, @p296, @p297, @p298, @p299, @p300, @p301, @p302, @p303, @p304, @p305, @p306, @p307, @p308, @p309, @p310)
      RETURNING "Id", "IsActive";
      INSERT INTO "Medicamentos" ("BombaInfusion", "CadenaFrio", "ConcentracionMiligramos", "DilucionRecomendada", "EquipoFotosensible", "Flebozantes", "Jeringa", "MarcacionRiesgo", "Nombre", "NormalizedNombre", "PresentacionRequisicion", "SolucionParaDilucion", "TiempoEstabilidad", "TiempoInfusionMinutos", "UpdatedAtUtc", "VehiculoReconstitucion")
      VALUES (@p311, @p312, @p313, @p314, @p315, @p316, @p317, @p318, @p319, @p320, @p321, @p322, @p323, @p324, @p325, @p326)
      RETURNING "Id", "IsActive";
      INSERT INTO "Medicamentos" ("BombaInfusion", "CadenaFrio", "ConcentracionMiligramos", "DilucionRecomendada", "EquipoFotosensible", "Flebozantes", "Jeringa", "MarcacionRiesgo", "Nombre", "NormalizedNombre", "PresentacionRequisicion", "SolucionParaDilucion", "TiempoEstabilidad", "TiempoInfusionMinutos", "UpdatedAtUtc", "VehiculoReconstitucion")
      VALUES (@p327, @p328, @p329, @p330, @p331, @p332, @p333, @p334, @p335, @p336, @p337, @p338, @p339, @p340, @p341, @p342)
      RETURNING "Id", "IsActive";
      INSERT INTO "Medicamentos" ("BombaInfusion", "CadenaFrio", "ConcentracionMiligramos", "DilucionRecomendada", "EquipoFotosensible", "Flebozantes", "Jeringa", "MarcacionRiesgo", "Nombre", "NormalizedNombre", "PresentacionRequisicion", "SolucionParaDilucion", "TiempoEstabilidad", "TiempoInfusionMinutos", "UpdatedAtUtc", "VehiculoReconstitucion")
      VALUES (@p343, @p344, @p345, @p346, @p347, @p348, @p349, @p350, @p351, @p352, @p353, @p354, @p355, @p356, @p357, @p358)
      RETURNING "Id", "IsActive";
info: Microsoft.EntityFrameworkCore.Database.Command[20101]
      Executed DbCommand (104ms) [Parameters=[], CommandType='Text', CommandTimeout='30']
      SELECT EXISTS (
          SELECT 1
          FROM "Users" AS u)
info: Microsoft.EntityFrameworkCore.Database.Command[20101]
      Executed DbCommand (102ms) [Parameters=[@normalizedUsername='?'], CommandType='Text', CommandTimeout='30']
      SELECT u."Id", u."CreatedAtUtc", u."Email", u."FirstName", u."FullName", u."IsActive", u."LastLoginAtUtc", u."LastName1", u."LastName2", u."NationalId", u."NormalizedEmail", u."NormalizedNationalId", u."NormalizedUsername", u."PasswordHash", u."Username"
      FROM "Users" AS u
      WHERE u."NormalizedUsername" = @normalizedUsername
      LIMIT 1
info: Microsoft.EntityFrameworkCore.Database.Command[20101]
      Executed DbCommand (102ms) [Parameters=[], CommandType='Text', CommandTimeout='30']
      SELECT p."Id"
      FROM "Permissions" AS p
      WHERE p."Code" IN ('AUDIT_READ', 'SCREEN_USERS_ADMIN', 'SCREEN_CENSO', 'SCREEN_REPORTES', 'SCREEN_INVENTARIO_BIOMEDICO', 'SCREEN_FARMACIA')
info: Microsoft.EntityFrameworkCore.Database.Command[20101]
      Executed DbCommand (105ms) [Parameters=[@adminUser_Id='?' (DbType = Guid)], CommandType='Text', CommandTimeout='30']
      SELECT u."PermissionId"
      FROM "UserPermissions" AS u
      WHERE u."UserId" = @adminUser_Id
info: Microsoft.EntityFrameworkCore.Database.Command[20101]
      Executed DbCommand (105ms) [Parameters=[@p0='?', @p1='?', @p2='?', @p3='?', @p4='?' (DbType = DateTime), @p5='?' (DbType = Guid), @p7='?' (DbType = Guid), @p6='?'], CommandType='Text', CommandTimeout='30']
      INSERT INTO "AuditLogs" ("Action", "Details", "Entity", "IpAddress", "PerformedAtUtc", "PerformedByUserId")
      VALUES (@p0, @p1, @p2, @p3, @p4, @p5)
      RETURNING "Id";
      UPDATE "Users" SET "PasswordHash" = @p6
      WHERE "Id" = @p7;
info: Microsoft.Hosting.Lifetime[14]
      Now listening on: http://localhost:5086
info: Microsoft.Hosting.Lifetime[0]
      Application started. Press Ctrl+C to shut down.
info: Microsoft.Hosting.Lifetime[0]
      Hosting environment: Development
info: Microsoft.Hosting.Lifetime[0]
      Content root path: C:\Users\LIDERTECNOLOGIA\OneDrive - ESPECIALISTAS EN CASA MEDICINA DOMICILIARIA SAS\Documentos\proyectos\intranet\IntranetPrueba
info: Microsoft.EntityFrameworkCore.Database.Command[20101]
      Executed DbCommand (194ms) [Parameters=[@cutoffEmpacado='?' (DbType = DateTime)], CommandType='Text', CommandTimeout='30']
      SELECT c."Id", c."AdministracionMedicamentos", c."Aislamiento", c."AltaTardia", c."AmpliacionMotivoRehospitalizacion", c."AplicacionesTotales", c."Area", c."Asegurador", c."AsumirDireccionErrada", c."AutorizacionEvento", c."AuxiliarAsignado", c."AuxiliarAsignadoCateterismo", c."Barrio", c."CambioFrecuenciaAdministracionTto", c."CateterPicc", c."CateterismoOSv", c."ClasificacionRiesgo", c."ClasificacionZonaSura", c."ClinicaHeridas", c."CodigoCie10", c."CorreoElectronico", c."CreatedAtUtc", c."DetalleDireccion", c."DiagnosticoDescriptivo", c."DiasMedicamento2", c."DiasMedicamento3", c."DiasMedicamento4", c."DiasMedicamento5", c."DiasMedicamento6", c."DiasMedicamentoPrincipal", c."DiasTratamientoIv", c."Direccion", c."DireccionValidada", c."DosisMedicamento2", c."DosisMedicamento3", c."DosisMedicamento4", c."DosisMedicamento5", c."DosisMedicamento6", c."DosisMedicamentoPrincipal", c."Edad", c."EsProrroga", c."Estado", c."EstadoDevolucionServicioFarmaceutico", c."EstadoLlamadaBienvenida", c."FarmaciaBolsaDesempacada", c."FarmaciaCantidadEntregas", c."FarmaciaEmpacadoAtUtc", c."FarmaciaEntregaActual", c."FarmaciaEnviadoAtUtc", c."FarmaciaEsEntregaParcial", c."FarmaciaEstado", c."FarmaciaFacturado", c."FarmaciaFechaHoraRecepcionUtc", c."FarmaciaFirmaActualizadaAtUtc", c."FarmaciaFirmaEntregaDataUrl", c."FarmaciaFirmaRecibeDataUrl", c."FarmaciaKardexVistoAtUtc", c."FarmaciaNombreRecibe", c."FarmaciaNotif24hRestanteUtc", c."FarmaciaNotifAuxiliarUltimaUtc", c."FarmaciaOkKardex", c."FarmaciaProrrogaDeId", c."FarmaciaProrrogaVersionId", c."FarmaciaRequisicionVistoAtUtc", c."FechaAlta", c."FechaAltaHospitalizacion", c."FechaFinTratamiento", c."FechaGestionFarmacia", c."FechaIngreso", c."FechaInicioTratamiento", c."FechaMaximaDevolucionProductos", c."FechaNacimiento", c."FechaNovedadDevolucionProductos", c."FechaPrimerSeguimiento24Horas", c."FechaPrimerSeguimientoRehospitalizacion", c."FechaPromesaInicioTto", c."FechaProximoCambioSonda", c."FechaRegistroReporteRehospitalizacion", c."FechaRehospitalizacion", c."FechaRespuesta", c."FechaSegundoSeguimiento48Horas", c."FechaSegundoSeguimientoRehospitalizacion", c."FechaTercerSeguimiento72Horas", c."FechaTercerSeguimientoRehospitalizacion", c."FechaUltimaCuracionPicc", c."FechaUltimoCambioSonda", c."FrecuenciaAdministracionMedicamento2", c."FrecuenciaAdministracionMedicamento3", c."FrecuenciaAdministracionMedicamento4", c."FrecuenciaAdministracionMedicamento5", c."FrecuenciaAdministracionMedicamento6", c."FrecuenciaAdministracionMxPrincipal", c."FrecuenciaAjustada", c."GestionCompletaPendiente", c."HoraGestionFarmacia", c."HoraIngreso", c."HoraPromesaInicioTto", c."HoraRespuesta", c."IndicadorTiempoGestionMinutos", c."IndicadorTiempoRespuestaMinutos", c."IpsIntramuralRehospitalizacion", c."IpsQueRemite", c."KardexCerradoAtUtc", c."KardexCerradoPorFarmaciaId", c."KardexEdicionJson", c."LaboratorioClinicoProcedimiento", c."MedicamentoFrecuenciaAjustada", c."MedidaMedicamento2", c."MedidaMedicamento3", c."MedidaMedicamento4", c."MedidaMedicamento5", c."MedidaMedicamento6", c."MedidaMedicamentoPrincipal", c."MotivoNovedadDevolucionProductos", c."MotivoRehospitalizacion", c."MunicipioResidencia", c."Nebulizaciones", c."NombreMedicamentoNumero2", c."NombreMedicamentoNumero3", c."NombreMedicamentoNumero4", c."NombreMedicamentoNumero5", c."NombreMedicamentoNumero6", c."NombreMedicamentoPrincipalTratante", c."NombrePaciente", c."NombrePerfilGestionaCaso", c."NombreQuienGestionaAlta", c."NombreQuienRealizaSeguimientoAltaTardia", c."NombreRealizaKardex", c."NombreRecepcionaCaso", c."NotificacionAuxiliarDevolucionProductos", c."NumeroCalibreSonda", c."NumeroDiasAutorizado", c."NumeroDosisDiaMedicamentoPrincipal", c."NumeroDosisMedicamento2", c."NumeroDosisMedicamento3", c."NumeroDosisMedicamento4", c."NumeroDosisMedicamento5", c."NumeroDosisMedicamento6", c."NumeroIdentificacion", c."NumeroTelefonoLlamadaBienvenida", c."NutricionEnteral", c."NutricionParenteral", c."ObservacionAltaTardia", c."ObservacionRehospitalizacion", c."ObservacionesPlanManejo", c."PacienteAnticoagulado", c."PacienteGestante", c."PacienteRehospitalizado", c."Programa", c."ProrrogaCerradaAtUtc", c."ProrrogaCerradaPorFarmaciaId", c."ProrrogaJson", c."ProrrogaKardexEdicionJson", c."ProrrogaRequisicionFarmaciaJson", c."RemitidoPorRehospitalizacion", c."RequiereServiciosComplementarios", c."RequisicionFarmaciaJson", c."ResponsableLlamadaBienvenida", c."ServicioComplementario", c."SistemasPresionNegativaVac", c."Telefono1", c."Telefono2", c."Telefono3", c."TipoAislamiento", c."TipoIdentificacion", c."ViaAdministracionMedicamento2", c."ViaAdministracionMedicamento3", c."ViaAdministracionMedicamento4", c."ViaAdministracionMedicamento5", c."ViaAdministracionMedicamento6", c."ViaAdministracionMedicamentoPrincipal", c."VistoBuenoRangoFueraAnexo", c."ZonaDireccionSegunMunicipio"
      FROM censo AS c
      WHERE c."FarmaciaEstado" = 'Empacado' AND c."FarmaciaEmpacadoAtUtc" IS NOT NULL AND c."FarmaciaEmpacadoAtUtc" > @cutoffEmpacado
warn: Microsoft.AspNetCore.HttpsPolicy.HttpsRedirectionMiddleware[3]
      Failed to determine the https port for redirect.
warn: Microsoft.EntityFrameworkCore.Query[20504]
      Compiling a query which loads related collections for more than one collection navigation, either via 'Include' or through projection, but no 'QuerySplittingBehavior' has been configured. By default, Entity Framework will use 'QuerySplittingBehavior.SingleQuery', which can potentially result in slow query performance. See https://go.microsoft.com/fwlink/?linkid=2134277 for more information. To identify the query that's triggering this warning call 'ConfigureWarnings(w => w.Throw(RelationalEventId.MultipleCollectionIncludeWarning))'.
info: Microsoft.EntityFrameworkCore.Database.Command[20101]
      Executed DbCommand (118ms) [Parameters=[@normalizedUsername='?'], CommandType='Text', CommandTimeout='30']
      SELECT u2."Id", u2."CreatedAtUtc", u2."Email", u2."FirstName", u2."FullName", u2."IsActive", u2."LastLoginAtUtc", u2."LastName1", u2."LastName2", u2."NationalId", u2."NormalizedEmail", u2."NormalizedNationalId", u2."NormalizedUsername", u2."PasswordHash", u2."Username", s0."UserId", s0."RoleId", s0."Id", s0."Description", s0."Name", s0."NormalizedName", s0."RoleId0", s0."PermissionId", s0."Id0", s0."Code", s0."Description0", s1."UserId", s1."PermissionId", s1."GrantedAtUtc", s1."Id", s1."Code", s1."Description"
      FROM (
          SELECT u."Id", u."CreatedAtUtc", u."Email", u."FirstName", u."FullName", u."IsActive", u."LastLoginAtUtc", u."LastName1", u."LastName2", u."NationalId", u."NormalizedEmail", u."NormalizedNationalId", u."NormalizedUsername", u."PasswordHash", u."Username"
          FROM "Users" AS u
          WHERE u."NormalizedUsername" = @normalizedUsername
          LIMIT 1
      ) AS u2
      LEFT JOIN (
          SELECT u0."UserId", u0."RoleId", r."Id", r."Description", r."Name", r."NormalizedName", s."RoleId" AS "RoleId0", s."PermissionId", s."Id" AS "Id0", s."Code", s."Description" AS "Description0"
          FROM "UserRoles" AS u0
          INNER JOIN "Roles" AS r ON u0."RoleId" = r."Id"
          LEFT JOIN (
              SELECT r0."RoleId", r0."PermissionId", p."Id", p."Code", p."Description"
              FROM "RolePermissions" AS r0
              INNER JOIN "Permissions" AS p ON r0."PermissionId" = p."Id"
          ) AS s ON r."Id" = s."RoleId"
      ) AS s0 ON u2."Id" = s0."UserId"
      LEFT JOIN (
          SELECT u1."UserId", u1."PermissionId", u1."GrantedAtUtc", p0."Id", p0."Code", p0."Description"
          FROM "UserPermissions" AS u1
          INNER JOIN "Permissions" AS p0 ON u1."PermissionId" = p0."Id"
      ) AS s1 ON u2."Id" = s1."UserId"
      ORDER BY u2."Id", s0."UserId", s0."RoleId", s0."Id", s0."RoleId0", s0."PermissionId", s0."Id0", s1."UserId", s1."PermissionId"
info: Microsoft.EntityFrameworkCore.Database.Command[20101]
      Executed DbCommand (104ms) [Parameters=[@p0='?', @p1='?', @p2='?', @p3='?', @p4='?' (DbType = DateTime), @p5='?' (DbType = Guid)], CommandType='Text', CommandTimeout='30']
      INSERT INTO "AuditLogs" ("Action", "Details", "Entity", "IpAddress", "PerformedAtUtc", "PerformedByUserId")
      VALUES (@p0, @p1, @p2, @p3, @p4, @p5)
      RETURNING "Id";
info: Microsoft.EntityFrameworkCore.Database.Command[20101]
      Executed DbCommand (114ms) [Parameters=[@normalizedUsername='?'], CommandType='Text', CommandTimeout='30']
      SELECT u2."Id", u2."CreatedAtUtc", u2."Email", u2."FirstName", u2."FullName", u2."IsActive", u2."LastLoginAtUtc", u2."LastName1", u2."LastName2", u2."NationalId", u2."NormalizedEmail", u2."NormalizedNationalId", u2."NormalizedUsername", u2."PasswordHash", u2."Username", s0."UserId", s0."RoleId", s0."Id", s0."Description", s0."Name", s0."NormalizedName", s0."RoleId0", s0."PermissionId", s0."Id0", s0."Code", s0."Description0", s1."UserId", s1."PermissionId", s1."GrantedAtUtc", s1."Id", s1."Code", s1."Description"
      FROM (
          SELECT u."Id", u."CreatedAtUtc", u."Email", u."FirstName", u."FullName", u."IsActive", u."LastLoginAtUtc", u."LastName1", u."LastName2", u."NationalId", u."NormalizedEmail", u."NormalizedNationalId", u."NormalizedUsername", u."PasswordHash", u."Username"
          FROM "Users" AS u
          WHERE u."NormalizedUsername" = @normalizedUsername
          LIMIT 1
      ) AS u2
      LEFT JOIN (
          SELECT u0."UserId", u0."RoleId", r."Id", r."Description", r."Name", r."NormalizedName", s."RoleId" AS "RoleId0", s."PermissionId", s."Id" AS "Id0", s."Code", s."Description" AS "Description0"
          FROM "UserRoles" AS u0
          INNER JOIN "Roles" AS r ON u0."RoleId" = r."Id"
          LEFT JOIN (
              SELECT r0."RoleId", r0."PermissionId", p."Id", p."Code", p."Description"
              FROM "RolePermissions" AS r0
              INNER JOIN "Permissions" AS p ON r0."PermissionId" = p."Id"
          ) AS s ON r."Id" = s."RoleId"
      ) AS s0 ON u2."Id" = s0."UserId"
      LEFT JOIN (
          SELECT u1."UserId", u1."PermissionId", u1."GrantedAtUtc", p0."Id", p0."Code", p0."Description"
          FROM "UserPermissions" AS u1
          INNER JOIN "Permissions" AS p0 ON u1."PermissionId" = p0."Id"
      ) AS s1 ON u2."Id" = s1."UserId"
      ORDER BY u2."Id", s0."UserId", s0."RoleId", s0."Id", s0."RoleId0", s0."PermissionId", s0."Id0", s1."UserId", s1."PermissionId"
info: Microsoft.EntityFrameworkCore.Database.Command[20101]
      Executed DbCommand (108ms) [Parameters=[@p14='?' (DbType = Guid), @p0='?' (DbType = DateTime), @p1='?', @p2='?', @p3='?', @p4='?' (DbType = Boolean), @p5='?' (DbType = DateTime), @p6='?', @p7='?', @p8='?', @p9='?', @p10='?', @p11='?', @p12='?', @p13='?'], CommandType='Text', CommandTimeout='30']
      UPDATE "Users" SET "CreatedAtUtc" = @p0, "Email" = @p1, "FirstName" = @p2, "FullName" = @p3, "IsActive" = @p4, "LastLoginAtUtc" = @p5, "LastName1" = @p6, "LastName2" = @p7, "NationalId" = @p8, "NormalizedEmail" = @p9, "NormalizedNationalId" = @p10, "NormalizedUsername" = @p11, "PasswordHash" = @p12, "Username" = @p13
      WHERE "Id" = @p14;
info: Microsoft.EntityFrameworkCore.Database.Command[20101]
      Executed DbCommand (105ms) [Parameters=[@p0='?', @p1='?', @p2='?', @p3='?', @p4='?' (DbType = DateTime), @p5='?' (DbType = Guid)], CommandType='Text', CommandTimeout='30']
      INSERT INTO "AuditLogs" ("Action", "Details", "Entity", "IpAddress", "PerformedAtUtc", "PerformedByUserId")
      VALUES (@p0, @p1, @p2, @p3, @p4, @p5)
      RETURNING "Id";
info: Microsoft.EntityFrameworkCore.Database.Command[20101]
      Executed DbCommand (104ms) [Parameters=[@userId='?' (DbType = Guid)], CommandType='Text', CommandTimeout='30']
      SELECT EXISTS (
          SELECT 1
          FROM "Users" AS u
          WHERE u."Id" = @userId AND u."IsActive")
info: Microsoft.EntityFrameworkCore.Database.Command[20101]
      Executed DbCommand (103ms) [Parameters=[@userId='?' (DbType = Guid)], CommandType='Text', CommandTimeout='30']
      SELECT p."Code"
      FROM "UserPermissions" AS u
      INNER JOIN "Permissions" AS p ON u."PermissionId" = p."Id"
      WHERE u."UserId" = @userId
info: Microsoft.EntityFrameworkCore.Database.Command[20101]
      Executed DbCommand (198ms) [Parameters=[@userId='?' (DbType = Guid)], CommandType='Text', CommandTimeout='30']
      SELECT EXISTS (
          SELECT 1
          FROM "Users" AS u
          WHERE u."Id" = @userId AND u."IsActive")
info: Microsoft.EntityFrameworkCore.Database.Command[20101]
      Executed DbCommand (123ms) [Parameters=[@userId='?' (DbType = Guid)], CommandType='Text', CommandTimeout='30']
      SELECT p."Code"
      FROM "UserPermissions" AS u
      INNER JOIN "Permissions" AS p ON u."PermissionId" = p."Id"
      WHERE u."UserId" = @userId
info: Microsoft.EntityFrameworkCore.Database.Command[20101]
      Executed DbCommand (147ms) [Parameters=[@filters_Desde_Value_Date='?' (DbType = Date), @filters_Hasta_Value_Date='?' (DbType = Date)], CommandType='Text', CommandTimeout='30']
      SELECT c."Id", c."FechaIngreso", c."NombrePaciente", c."TipoIdentificacion", c."NumeroIdentificacion", c."NombreRealizaKardex", c."AuxiliarAsignado", c."MunicipioResidencia", c."Estado", c."AutorizacionEvento", c."GestionCompletaPendiente", c."CreatedAtUtc"
      FROM censo AS c
      WHERE (c."Estado" IS NULL OR (c."Estado" NOT ILIKE '%cancelado%' AND c."Estado" NOT ILIKE '%rechazado%')) AND c."FechaIngreso" >= @filters_Desde_Value_Date AND c."FechaIngreso" <= @filters_Hasta_Value_Date
info: Microsoft.EntityFrameworkCore.Database.Command[20101]
      Executed DbCommand (127ms) [Parameters=[], CommandType='Text', CommandTimeout='30']
      SELECT c0."MunicipioResidencia"
      FROM (
          SELECT DISTINCT c."MunicipioResidencia"
          FROM censo AS c
          WHERE c."MunicipioResidencia" <> ''
      ) AS c0
      ORDER BY c0."MunicipioResidencia"
info: Microsoft.EntityFrameworkCore.Database.Command[20101]
      Executed DbCommand (123ms) [Parameters=[], CommandType='Text', CommandTimeout='30']
      SELECT c0."Estado"
      FROM (
          SELECT DISTINCT c."Estado"
          FROM censo AS c
          WHERE (c."Estado" IS NULL OR (c."Estado" NOT ILIKE '%cancelado%' AND c."Estado" NOT ILIKE '%rechazado%')) AND c."Estado" IS NOT NULL AND c."Estado" <> ''
      ) AS c0
      ORDER BY c0."Estado"
info: Microsoft.EntityFrameworkCore.Database.Command[20101]
      Executed DbCommand (153ms) [Parameters=[], CommandType='Text', CommandTimeout='30']
      SELECT c."AuxiliarAsignado", c."NombreRealizaKardex"
      FROM censo AS c
info: Microsoft.EntityFrameworkCore.Database.Command[20101]
      Executed DbCommand (117ms) [Parameters=[@userId='?' (DbType = Guid)], CommandType='Text', CommandTimeout='30']
      SELECT EXISTS (
          SELECT 1
          FROM "Users" AS u
          WHERE u."Id" = @userId AND u."IsActive")
info: Microsoft.EntityFrameworkCore.Database.Command[20101]
      Executed DbCommand (122ms) [Parameters=[@userId='?' (DbType = Guid)], CommandType='Text', CommandTimeout='30']
      SELECT p."Code"
      FROM "UserPermissions" AS u
      INNER JOIN "Permissions" AS p ON u."PermissionId" = p."Id"
      WHERE u."UserId" = @userId
info: Microsoft.EntityFrameworkCore.Database.Command[20101]
      Executed DbCommand (104ms) [Parameters=[@today='?' (DbType = Date), @AddDays='?' (DbType = Date)], CommandType='Text', CommandTimeout='30']
      SELECT count(*)::int
      FROM censo AS c
      WHERE c."FarmaciaProrrogaDeId" IS NULL AND c."FarmaciaProrrogaVersionId" IS NULL AND c."FechaIngreso" >= @today AND c."FechaIngreso" < @AddDays
info: Microsoft.EntityFrameworkCore.Database.Command[20101]
      Executed DbCommand (152ms) [Parameters=[@p='?' (DbType = Int32)], CommandType='Text', CommandTimeout='30']
      SELECT c."Id", c."AdministracionMedicamentos", c."Aislamiento", c."AltaTardia", c."AmpliacionMotivoRehospitalizacion", c."AplicacionesTotales", c."Area", c."Asegurador", c."AsumirDireccionErrada", c."AutorizacionEvento", c."AuxiliarAsignado", c."AuxiliarAsignadoCateterismo", c."Barrio", c."CambioFrecuenciaAdministracionTto", c."CateterPicc", c."CateterismoOSv", c."ClasificacionRiesgo", c."ClasificacionZonaSura", c."ClinicaHeridas", c."CodigoCie10", c."CorreoElectronico", c."CreatedAtUtc", c."DetalleDireccion", c."DiagnosticoDescriptivo", c."DiasMedicamento2", c."DiasMedicamento3", c."DiasMedicamento4", c."DiasMedicamento5", c."DiasMedicamento6", c."DiasMedicamentoPrincipal", c."DiasTratamientoIv", c."Direccion", c."DireccionValidada", c."DosisMedicamento2", c."DosisMedicamento3", c."DosisMedicamento4", c."DosisMedicamento5", c."DosisMedicamento6", c."DosisMedicamentoPrincipal", c."Edad", c."EsProrroga", c."Estado", c."EstadoDevolucionServicioFarmaceutico", c."EstadoLlamadaBienvenida", c."FarmaciaBolsaDesempacada", c."FarmaciaCantidadEntregas", c."FarmaciaEmpacadoAtUtc", c."FarmaciaEntregaActual", c."FarmaciaEnviadoAtUtc", c."FarmaciaEsEntregaParcial", c."FarmaciaEstado", c."FarmaciaFacturado", c."FarmaciaFechaHoraRecepcionUtc", c."FarmaciaFirmaActualizadaAtUtc", c."FarmaciaFirmaEntregaDataUrl", c."FarmaciaFirmaRecibeDataUrl", c."FarmaciaKardexVistoAtUtc", c."FarmaciaNombreRecibe", c."FarmaciaNotif24hRestanteUtc", c."FarmaciaNotifAuxiliarUltimaUtc", c."FarmaciaOkKardex", c."FarmaciaProrrogaDeId", c."FarmaciaProrrogaVersionId", c."FarmaciaRequisicionVistoAtUtc", c."FechaAlta", c."FechaAltaHospitalizacion", c."FechaFinTratamiento", c."FechaGestionFarmacia", c."FechaIngreso", c."FechaInicioTratamiento", c."FechaMaximaDevolucionProductos", c."FechaNacimiento", c."FechaNovedadDevolucionProductos", c."FechaPrimerSeguimiento24Horas", c."FechaPrimerSeguimientoRehospitalizacion", c."FechaPromesaInicioTto", c."FechaProximoCambioSonda", c."FechaRegistroReporteRehospitalizacion", c."FechaRehospitalizacion", c."FechaRespuesta", c."FechaSegundoSeguimiento48Horas", c."FechaSegundoSeguimientoRehospitalizacion", c."FechaTercerSeguimiento72Horas", c."FechaTercerSeguimientoRehospitalizacion", c."FechaUltimaCuracionPicc", c."FechaUltimoCambioSonda", c."FrecuenciaAdministracionMedicamento2", c."FrecuenciaAdministracionMedicamento3", c."FrecuenciaAdministracionMedicamento4", c."FrecuenciaAdministracionMedicamento5", c."FrecuenciaAdministracionMedicamento6", c."FrecuenciaAdministracionMxPrincipal", c."FrecuenciaAjustada", c."GestionCompletaPendiente", c."HoraGestionFarmacia", c."HoraIngreso", c."HoraPromesaInicioTto", c."HoraRespuesta", c."IndicadorTiempoGestionMinutos", c."IndicadorTiempoRespuestaMinutos", c."IpsIntramuralRehospitalizacion", c."IpsQueRemite", c."KardexCerradoAtUtc", c."KardexCerradoPorFarmaciaId", c."KardexEdicionJson", c."LaboratorioClinicoProcedimiento", c."MedicamentoFrecuenciaAjustada", c."MedidaMedicamento2", c."MedidaMedicamento3", c."MedidaMedicamento4", c."MedidaMedicamento5", c."MedidaMedicamento6", c."MedidaMedicamentoPrincipal", c."MotivoNovedadDevolucionProductos", c."MotivoRehospitalizacion", c."MunicipioResidencia", c."Nebulizaciones", c."NombreMedicamentoNumero2", c."NombreMedicamentoNumero3", c."NombreMedicamentoNumero4", c."NombreMedicamentoNumero5", c."NombreMedicamentoNumero6", c."NombreMedicamentoPrincipalTratante", c."NombrePaciente", c."NombrePerfilGestionaCaso", c."NombreQuienGestionaAlta", c."NombreQuienRealizaSeguimientoAltaTardia", c."NombreRealizaKardex", c."NombreRecepcionaCaso", c."NotificacionAuxiliarDevolucionProductos", c."NumeroCalibreSonda", c."NumeroDiasAutorizado", c."NumeroDosisDiaMedicamentoPrincipal", c."NumeroDosisMedicamento2", c."NumeroDosisMedicamento3", c."NumeroDosisMedicamento4", c."NumeroDosisMedicamento5", c."NumeroDosisMedicamento6", c."NumeroIdentificacion", c."NumeroTelefonoLlamadaBienvenida", c."NutricionEnteral", c."NutricionParenteral", c."ObservacionAltaTardia", c."ObservacionRehospitalizacion", c."ObservacionesPlanManejo", c."PacienteAnticoagulado", c."PacienteGestante", c."PacienteRehospitalizado", c."Programa", c."ProrrogaCerradaAtUtc", c."ProrrogaCerradaPorFarmaciaId", c."ProrrogaJson", c."ProrrogaKardexEdicionJson", c."ProrrogaRequisicionFarmaciaJson", c."RemitidoPorRehospitalizacion", c."RequiereServiciosComplementarios", c."RequisicionFarmaciaJson", c."ResponsableLlamadaBienvenida", c."ServicioComplementario", c."SistemasPresionNegativaVac", c."Telefono1", c."Telefono2", c."Telefono3", c."TipoAislamiento", c."TipoIdentificacion", c."ViaAdministracionMedicamento2", c."ViaAdministracionMedicamento3", c."ViaAdministracionMedicamento4", c."ViaAdministracionMedicamento5", c."ViaAdministracionMedicamento6", c."ViaAdministracionMedicamentoPrincipal", c."VistoBuenoRangoFueraAnexo", c."ZonaDireccionSegunMunicipio"
      FROM censo AS c
      WHERE c."FarmaciaProrrogaDeId" IS NULL AND c."FarmaciaProrrogaVersionId" IS NULL
      ORDER BY c."FechaIngreso" DESC, c."HoraIngreso" DESC, c."Id" DESC
      LIMIT @p
info: Microsoft.EntityFrameworkCore.Database.Command[20101]
      Executed DbCommand (129ms) [Parameters=[@tableRecordIds='?' (DbType = Object)], CommandType='Text', CommandTimeout='30']
      SELECT DISTINCT c."FarmaciaProrrogaDeId"
      FROM censo AS c
      WHERE c."FarmaciaOkKardex" AND c."FarmaciaProrrogaDeId" IS NOT NULL AND c."FarmaciaProrrogaVersionId" IS NULL AND c."FarmaciaProrrogaDeId" = ANY (@tableRecordIds)
info: Microsoft.EntityFrameworkCore.Database.Command[20101]
      Executed DbCommand (126ms) [Parameters=[@tableRecordIds='?' (DbType = Object)], CommandType='Text', CommandTimeout='30']
      SELECT c."CensoRecordId", c."Numero", c."ProrrogaJson", c."CerradaAtUtc"
      FROM censo_prorrogas AS c
      WHERE c."CensoRecordId" = ANY (@tableRecordIds)
      ORDER BY c."CensoRecordId", c."Numero"
info: Microsoft.EntityFrameworkCore.Database.Command[20101]
      Executed DbCommand (121ms) [Parameters=[@tableRecordIds='?' (DbType = Object)], CommandType='Text', CommandTimeout='30']
      SELECT DISTINCT c."CensoRecordId"
      FROM censo_adjuntos AS c
      WHERE c."CensoRecordId" = ANY (@tableRecordIds)
info: Microsoft.EntityFrameworkCore.Database.Command[20101]
      Executed DbCommand (116ms) [Parameters=[], CommandType='Text', CommandTimeout='30']
      SELECT n."Id", n."CreatedAtUtc", n."IsActive", n."Name", n."NormalizedName"
      FROM "NursingAssistants" AS n
      WHERE n."IsActive"
      ORDER BY n."Name"
info: Microsoft.EntityFrameworkCore.Database.Command[20101]
      Executed DbCommand (114ms) [Parameters=[], CommandType='Text', CommandTimeout='30']
      SELECT m."Nombre", m."NormalizedNombre", m."PresentacionRequisicion", m."ConcentracionMiligramos", m."Jeringa", m."SolucionParaDilucion", m."DilucionRecomendada", m."VehiculoReconstitucion", m."TiempoEstabilidad", m."TiempoInfusionMinutos", m."BombaInfusion", m."MarcacionRiesgo", m."Flebozantes", m."EquipoFotosensible", m."CadenaFrio"
      FROM "Medicamentos" AS m
      WHERE m."IsActive"
      ORDER BY m."Nombre"
info: Microsoft.EntityFrameworkCore.Database.Command[20101]
      Executed DbCommand (105ms) [Parameters=[@userId='?' (DbType = Guid)], CommandType='Text', CommandTimeout='30']
      SELECT EXISTS (
          SELECT 1
          FROM "Users" AS u
          WHERE u."Id" = @userId AND u."IsActive")
info: Microsoft.EntityFrameworkCore.Database.Command[20101]
      Executed DbCommand (117ms) [Parameters=[@userId='?' (DbType = Guid)], CommandType='Text', CommandTimeout='30']
      SELECT p."Code"
      FROM "UserPermissions" AS u
      INNER JOIN "Permissions" AS p ON u."PermissionId" = p."Id"
      WHERE u."UserId" = @userId
info: Microsoft.EntityFrameworkCore.Database.Command[20101]
      Executed DbCommand (125ms) [Parameters=[@userId='?' (DbType = Guid)], CommandType='Text', CommandTimeout='30']
      SELECT EXISTS (
          SELECT 1
          FROM "Users" AS u
          WHERE u."Id" = @userId AND u."IsActive")
info: Microsoft.EntityFrameworkCore.Database.Command[20101]
      Executed DbCommand (143ms) [Parameters=[@userId='?' (DbType = Guid)], CommandType='Text', CommandTimeout='30']
      SELECT p."Code"
      FROM "UserPermissions" AS u
      INNER JOIN "Permissions" AS p ON u."PermissionId" = p."Id"
      WHERE u."UserId" = @userId
info: Microsoft.EntityFrameworkCore.Database.Command[20101]
      Executed DbCommand (105ms) [Parameters=[@userId='?' (DbType = Guid)], CommandType='Text', CommandTimeout='30']
      SELECT EXISTS (
          SELECT 1
          FROM "Users" AS u
          WHERE u."Id" = @userId AND u."IsActive")
info: Microsoft.EntityFrameworkCore.Database.Command[20101]
      Executed DbCommand (103ms) [Parameters=[@userId='?' (DbType = Guid)], CommandType='Text', CommandTimeout='30']
      SELECT p."Code"
      FROM "UserPermissions" AS u
      INNER JOIN "Permissions" AS p ON u."PermissionId" = p."Id"
      WHERE u."UserId" = @userId
info: System.Net.Http.HttpClient.IAddressValidationService.LogicalHandler[100]
      Start processing HTTP request GET https://maps.googleapis.com/maps/api/geocode/json?*
info: System.Net.Http.HttpClient.IAddressValidationService.ClientHandler[100]
      Sending HTTP request GET https://maps.googleapis.com/maps/api/geocode/json?*
info: System.Net.Http.HttpClient.IAddressValidationService.ClientHandler[101]
      Received HTTP response headers after 599.08ms - 200
info: System.Net.Http.HttpClient.IAddressValidationService.LogicalHandler[101]
      End processing HTTP request after 648.078ms - 200
info: System.Net.Http.HttpClient.IAddressValidationService.LogicalHandler[100]
      Start processing HTTP request GET https://maps.googleapis.com/maps/api/geocode/json?*
info: System.Net.Http.HttpClient.IAddressValidationService.ClientHandler[100]
      Sending HTTP request GET https://maps.googleapis.com/maps/api/geocode/json?*
info: System.Net.Http.HttpClient.IAddressValidationService.ClientHandler[101]
      Received HTTP response headers after 227.0208ms - 200
info: System.Net.Http.HttpClient.IAddressValidationService.LogicalHandler[101]
      End processing HTTP request after 227.4451ms - 200
info: System.Net.Http.HttpClient.IAddressValidationService.LogicalHandler[100]
      Start processing HTTP request GET https://maps.googleapis.com/maps/api/geocode/json?*
info: System.Net.Http.HttpClient.IAddressValidationService.ClientHandler[100]
      Sending HTTP request GET https://maps.googleapis.com/maps/api/geocode/json?*
info: System.Net.Http.HttpClient.IAddressValidationService.ClientHandler[101]
      Received HTTP response headers after 237.2532ms - 200
info: System.Net.Http.HttpClient.IAddressValidationService.LogicalHandler[101]
      End processing HTTP request after 237.5319ms - 200
info: System.Net.Http.HttpClient.IAddressValidationService.LogicalHandler[100]
      Start processing HTTP request GET https://maps.googleapis.com/maps/api/geocode/json?*
info: System.Net.Http.HttpClient.IAddressValidationService.ClientHandler[100]
      Sending HTTP request GET https://maps.googleapis.com/maps/api/geocode/json?*
info: System.Net.Http.HttpClient.IAddressValidationService.ClientHandler[101]
      Received HTTP response headers after 275.3815ms - 200
info: System.Net.Http.HttpClient.IAddressValidationService.LogicalHandler[101]
      End processing HTTP request after 275.6671ms - 200
info: Microsoft.EntityFrameworkCore.Database.Command[20101]
      Executed DbCommand (106ms) [Parameters=[@userId='?' (DbType = Guid)], CommandType='Text', CommandTimeout='30']
      SELECT EXISTS (
          SELECT 1
          FROM "Users" AS u
          WHERE u."Id" = @userId AND u."IsActive")
info: Microsoft.EntityFrameworkCore.Database.Command[20101]
      Executed DbCommand (103ms) [Parameters=[@userId='?' (DbType = Guid)], CommandType='Text', CommandTimeout='30']
      SELECT p."Code"
      FROM "UserPermissions" AS u
      INNER JOIN "Permissions" AS p ON u."PermissionId" = p."Id"
      WHERE u."UserId" = @userId
info: Microsoft.EntityFrameworkCore.Database.Command[20101]
      Executed DbCommand (105ms) [Parameters=[@userId='?' (DbType = Guid)], CommandType='Text', CommandTimeout='30']
      SELECT EXISTS (
          SELECT 1
          FROM "Users" AS u
          WHERE u."Id" = @userId AND u."IsActive")
info: Microsoft.EntityFrameworkCore.Database.Command[20101]
      Executed DbCommand (103ms) [Parameters=[@userId='?' (DbType = Guid)], CommandType='Text', CommandTimeout='30']
      SELECT p."Code"
      FROM "UserPermissions" AS u
      INNER JOIN "Permissions" AS p ON u."PermissionId" = p."Id"
      WHERE u."UserId" = @userId
info: System.Net.Http.HttpClient.IAddressValidationService.LogicalHandler[100]
      Start processing HTTP request GET https://maps.googleapis.com/maps/api/geocode/json?*
info: System.Net.Http.HttpClient.IAddressValidationService.ClientHandler[100]
      Sending HTTP request GET https://maps.googleapis.com/maps/api/geocode/json?*
info: System.Net.Http.HttpClient.IAddressValidationService.ClientHandler[101]
      Received HTTP response headers after 135.1793ms - 200
info: System.Net.Http.HttpClient.IAddressValidationService.LogicalHandler[101]
      End processing HTTP request after 135.54ms - 200
info: System.Net.Http.HttpClient.IAddressValidationService.LogicalHandler[100]
      Start processing HTTP request GET https://maps.googleapis.com/maps/api/geocode/json?*
info: System.Net.Http.HttpClient.IAddressValidationService.ClientHandler[100]
      Sending HTTP request GET https://maps.googleapis.com/maps/api/geocode/json?*
info: System.Net.Http.HttpClient.IAddressValidationService.ClientHandler[101]
      Received HTTP response headers after 282.7678ms - 200
info: System.Net.Http.HttpClient.IAddressValidationService.LogicalHandler[101]
      End processing HTTP request after 283.0061ms - 200
info: System.Net.Http.HttpClient.IAddressValidationService.LogicalHandler[100]
      Start processing HTTP request GET https://maps.googleapis.com/maps/api/geocode/json?*
info: System.Net.Http.HttpClient.IAddressValidationService.ClientHandler[100]
      Sending HTTP request GET https://maps.googleapis.com/maps/api/geocode/json?*
info: System.Net.Http.HttpClient.IAddressValidationService.ClientHandler[101]
      Received HTTP response headers after 162.1477ms - 200
info: System.Net.Http.HttpClient.IAddressValidationService.LogicalHandler[101]
      End processing HTTP request after 162.5212ms - 200
info: Microsoft.EntityFrameworkCore.Database.Command[20101]
      Executed DbCommand (106ms) [Parameters=[@userId='?' (DbType = Guid)], CommandType='Text', CommandTimeout='30']
      SELECT EXISTS (
          SELECT 1
          FROM "Users" AS u
          WHERE u."Id" = @userId AND u."IsActive")
info: Microsoft.EntityFrameworkCore.Database.Command[20101]
      Executed DbCommand (100ms) [Parameters=[@userId='?' (DbType = Guid)], CommandType='Text', CommandTimeout='30']
      SELECT EXISTS (
          SELECT 1
          FROM "Users" AS u
          WHERE u."Id" = @userId AND u."IsActive")
info: Microsoft.EntityFrameworkCore.Database.Command[20101]
      Executed DbCommand (103ms) [Parameters=[@userId='?' (DbType = Guid)], CommandType='Text', CommandTimeout='30']
      SELECT p."Code"
      FROM "UserPermissions" AS u
      INNER JOIN "Permissions" AS p ON u."PermissionId" = p."Id"
      WHERE u."UserId" = @userId
info: Microsoft.EntityFrameworkCore.Database.Command[20101]
      Executed DbCommand (106ms) [Parameters=[@userId='?' (DbType = Guid)], CommandType='Text', CommandTimeout='30']
      SELECT p."Code"
      FROM "UserPermissions" AS u
      INNER JOIN "Permissions" AS p ON u."PermissionId" = p."Id"
      WHERE u."UserId" = @userId
info: Microsoft.EntityFrameworkCore.Database.Command[20101]
      Executed DbCommand (104ms) [Parameters=[@today='?' (DbType = Date), @AddDays='?' (DbType = Date)], CommandType='Text', CommandTimeout='30']
      SELECT count(*)::int
      FROM censo AS c
      WHERE c."FarmaciaProrrogaDeId" IS NULL AND c."FarmaciaProrrogaVersionId" IS NULL AND c."FechaIngreso" >= @today AND c."FechaIngreso" < @AddDays
info: Microsoft.EntityFrameworkCore.Database.Command[20101]
      Executed DbCommand (103ms) [Parameters=[@p='?' (DbType = Int32)], CommandType='Text', CommandTimeout='30']
      SELECT c."Id", c."AdministracionMedicamentos", c."Aislamiento", c."AltaTardia", c."AmpliacionMotivoRehospitalizacion", c."AplicacionesTotales", c."Area", c."Asegurador", c."AsumirDireccionErrada", c."AutorizacionEvento", c."AuxiliarAsignado", c."AuxiliarAsignadoCateterismo", c."Barrio", c."CambioFrecuenciaAdministracionTto", c."CateterPicc", c."CateterismoOSv", c."ClasificacionRiesgo", c."ClasificacionZonaSura", c."ClinicaHeridas", c."CodigoCie10", c."CorreoElectronico", c."CreatedAtUtc", c."DetalleDireccion", c."DiagnosticoDescriptivo", c."DiasMedicamento2", c."DiasMedicamento3", c."DiasMedicamento4", c."DiasMedicamento5", c."DiasMedicamento6", c."DiasMedicamentoPrincipal", c."DiasTratamientoIv", c."Direccion", c."DireccionValidada", c."DosisMedicamento2", c."DosisMedicamento3", c."DosisMedicamento4", c."DosisMedicamento5", c."DosisMedicamento6", c."DosisMedicamentoPrincipal", c."Edad", c."EsProrroga", c."Estado", c."EstadoDevolucionServicioFarmaceutico", c."EstadoLlamadaBienvenida", c."FarmaciaBolsaDesempacada", c."FarmaciaCantidadEntregas", c."FarmaciaEmpacadoAtUtc", c."FarmaciaEntregaActual", c."FarmaciaEnviadoAtUtc", c."FarmaciaEsEntregaParcial", c."FarmaciaEstado", c."FarmaciaFacturado", c."FarmaciaFechaHoraRecepcionUtc", c."FarmaciaFirmaActualizadaAtUtc", c."FarmaciaFirmaEntregaDataUrl", c."FarmaciaFirmaRecibeDataUrl", c."FarmaciaKardexVistoAtUtc", c."FarmaciaNombreRecibe", c."FarmaciaNotif24hRestanteUtc", c."FarmaciaNotifAuxiliarUltimaUtc", c."FarmaciaOkKardex", c."FarmaciaProrrogaDeId", c."FarmaciaProrrogaVersionId", c."FarmaciaRequisicionVistoAtUtc", c."FechaAlta", c."FechaAltaHospitalizacion", c."FechaFinTratamiento", c."FechaGestionFarmacia", c."FechaIngreso", c."FechaInicioTratamiento", c."FechaMaximaDevolucionProductos", c."FechaNacimiento", c."FechaNovedadDevolucionProductos", c."FechaPrimerSeguimiento24Horas", c."FechaPrimerSeguimientoRehospitalizacion", c."FechaPromesaInicioTto", c."FechaProximoCambioSonda", c."FechaRegistroReporteRehospitalizacion", c."FechaRehospitalizacion", c."FechaRespuesta", c."FechaSegundoSeguimiento48Horas", c."FechaSegundoSeguimientoRehospitalizacion", c."FechaTercerSeguimiento72Horas", c."FechaTercerSeguimientoRehospitalizacion", c."FechaUltimaCuracionPicc", c."FechaUltimoCambioSonda", c."FrecuenciaAdministracionMedicamento2", c."FrecuenciaAdministracionMedicamento3", c."FrecuenciaAdministracionMedicamento4", c."FrecuenciaAdministracionMedicamento5", c."FrecuenciaAdministracionMedicamento6", c."FrecuenciaAdministracionMxPrincipal", c."FrecuenciaAjustada", c."GestionCompletaPendiente", c."HoraGestionFarmacia", c."HoraIngreso", c."HoraPromesaInicioTto", c."HoraRespuesta", c."IndicadorTiempoGestionMinutos", c."IndicadorTiempoRespuestaMinutos", c."IpsIntramuralRehospitalizacion", c."IpsQueRemite", c."KardexCerradoAtUtc", c."KardexCerradoPorFarmaciaId", c."KardexEdicionJson", c."LaboratorioClinicoProcedimiento", c."MedicamentoFrecuenciaAjustada", c."MedidaMedicamento2", c."MedidaMedicamento3", c."MedidaMedicamento4", c."MedidaMedicamento5", c."MedidaMedicamento6", c."MedidaMedicamentoPrincipal", c."MotivoNovedadDevolucionProductos", c."MotivoRehospitalizacion", c."MunicipioResidencia", c."Nebulizaciones", c."NombreMedicamentoNumero2", c."NombreMedicamentoNumero3", c."NombreMedicamentoNumero4", c."NombreMedicamentoNumero5", c."NombreMedicamentoNumero6", c."NombreMedicamentoPrincipalTratante", c."NombrePaciente", c."NombrePerfilGestionaCaso", c."NombreQuienGestionaAlta", c."NombreQuienRealizaSeguimientoAltaTardia", c."NombreRealizaKardex", c."NombreRecepcionaCaso", c."NotificacionAuxiliarDevolucionProductos", c."NumeroCalibreSonda", c."NumeroDiasAutorizado", c."NumeroDosisDiaMedicamentoPrincipal", c."NumeroDosisMedicamento2", c."NumeroDosisMedicamento3", c."NumeroDosisMedicamento4", c."NumeroDosisMedicamento5", c."NumeroDosisMedicamento6", c."NumeroIdentificacion", c."NumeroTelefonoLlamadaBienvenida", c."NutricionEnteral", c."NutricionParenteral", c."ObservacionAltaTardia", c."ObservacionRehospitalizacion", c."ObservacionesPlanManejo", c."PacienteAnticoagulado", c."PacienteGestante", c."PacienteRehospitalizado", c."Programa", c."ProrrogaCerradaAtUtc", c."ProrrogaCerradaPorFarmaciaId", c."ProrrogaJson", c."ProrrogaKardexEdicionJson", c."ProrrogaRequisicionFarmaciaJson", c."RemitidoPorRehospitalizacion", c."RequiereServiciosComplementarios", c."RequisicionFarmaciaJson", c."ResponsableLlamadaBienvenida", c."ServicioComplementario", c."SistemasPresionNegativaVac", c."Telefono1", c."Telefono2", c."Telefono3", c."TipoAislamiento", c."TipoIdentificacion", c."ViaAdministracionMedicamento2", c."ViaAdministracionMedicamento3", c."ViaAdministracionMedicamento4", c."ViaAdministracionMedicamento5", c."ViaAdministracionMedicamento6", c."ViaAdministracionMedicamentoPrincipal", c."VistoBuenoRangoFueraAnexo", c."ZonaDireccionSegunMunicipio"
      FROM censo AS c
      WHERE c."FarmaciaProrrogaDeId" IS NULL AND c."FarmaciaProrrogaVersionId" IS NULL
      ORDER BY c."FechaIngreso" DESC, c."HoraIngreso" DESC, c."Id" DESC
      LIMIT @p
info: Microsoft.EntityFrameworkCore.Database.Command[20101]
      Executed DbCommand (109ms) [Parameters=[@tableRecordIds='?' (DbType = Object)], CommandType='Text', CommandTimeout='30']
      SELECT DISTINCT c."FarmaciaProrrogaDeId"
      FROM censo AS c
      WHERE c."FarmaciaOkKardex" AND c."FarmaciaProrrogaDeId" IS NOT NULL AND c."FarmaciaProrrogaVersionId" IS NULL AND c."FarmaciaProrrogaDeId" = ANY (@tableRecordIds)
info: Microsoft.EntityFrameworkCore.Database.Command[20101]
      Executed DbCommand (100ms) [Parameters=[@tableRecordIds='?' (DbType = Object)], CommandType='Text', CommandTimeout='30']
      SELECT c."CensoRecordId", c."Numero", c."ProrrogaJson", c."CerradaAtUtc"
      FROM censo_prorrogas AS c
      WHERE c."CensoRecordId" = ANY (@tableRecordIds)
      ORDER BY c."CensoRecordId", c."Numero"
info: Microsoft.EntityFrameworkCore.Database.Command[20101]
      Executed DbCommand (108ms) [Parameters=[@tableRecordIds='?' (DbType = Object)], CommandType='Text', CommandTimeout='30']
      SELECT DISTINCT c."CensoRecordId"
      FROM censo_adjuntos AS c
      WHERE c."CensoRecordId" = ANY (@tableRecordIds)
info: Microsoft.EntityFrameworkCore.Database.Command[20101]
      Executed DbCommand (100ms) [Parameters=[], CommandType='Text', CommandTimeout='30']
      SELECT n."Id", n."CreatedAtUtc", n."IsActive", n."Name", n."NormalizedName"
      FROM "NursingAssistants" AS n
      WHERE n."IsActive"
      ORDER BY n."Name"
info: Microsoft.EntityFrameworkCore.Database.Command[20101]
      Executed DbCommand (121ms) [Parameters=[], CommandType='Text', CommandTimeout='30']
      SELECT m."Nombre", m."NormalizedNombre", m."PresentacionRequisicion", m."ConcentracionMiligramos", m."Jeringa", m."SolucionParaDilucion", m."DilucionRecomendada", m."VehiculoReconstitucion", m."TiempoEstabilidad", m."TiempoInfusionMinutos", m."BombaInfusion", m."MarcacionRiesgo", m."Flebozantes", m."EquipoFotosensible", m."CadenaFrio"
      FROM "Medicamentos" AS m
      WHERE m."IsActive"
      ORDER BY m."Nombre"
info: Microsoft.EntityFrameworkCore.Database.Command[20101]
      Executed DbCommand (102ms) [Parameters=[@userId='?' (DbType = Guid)], CommandType='Text', CommandTimeout='30']
      SELECT EXISTS (
          SELECT 1
          FROM "Users" AS u
          WHERE u."Id" = @userId AND u."IsActive")
info: Microsoft.EntityFrameworkCore.Database.Command[20101]
      Executed DbCommand (105ms) [Parameters=[@userId='?' (DbType = Guid)], CommandType='Text', CommandTimeout='30']
      SELECT EXISTS (
          SELECT 1
          FROM "Users" AS u
          WHERE u."Id" = @userId AND u."IsActive")
info: Microsoft.EntityFrameworkCore.Database.Command[20101]
      Executed DbCommand (104ms) [Parameters=[@userId='?' (DbType = Guid)], CommandType='Text', CommandTimeout='30']
      SELECT p."Code"
      FROM "UserPermissions" AS u
      INNER JOIN "Permissions" AS p ON u."PermissionId" = p."Id"
      WHERE u."UserId" = @userId
info: Microsoft.EntityFrameworkCore.Database.Command[20101]
      Executed DbCommand (104ms) [Parameters=[@userId='?' (DbType = Guid)], CommandType='Text', CommandTimeout='30']
      SELECT p."Code"
      FROM "UserPermissions" AS u
      INNER JOIN "Permissions" AS p ON u."PermissionId" = p."Id"
      WHERE u."UserId" = @userId
info: Microsoft.EntityFrameworkCore.Database.Command[20101]
      Executed DbCommand (105ms) [Parameters=[@userId='?' (DbType = Guid)], CommandType='Text', CommandTimeout='30']
      SELECT EXISTS (
          SELECT 1
          FROM "Users" AS u
          WHERE u."Id" = @userId AND u."IsActive")
info: Microsoft.EntityFrameworkCore.Database.Command[20101]
      Executed DbCommand (108ms) [Parameters=[@userId='?' (DbType = Guid)], CommandType='Text', CommandTimeout='30']
      SELECT EXISTS (
          SELECT 1
          FROM "Users" AS u
          WHERE u."Id" = @userId AND u."IsActive")
info: Microsoft.EntityFrameworkCore.Database.Command[20101]
      Executed DbCommand (109ms) [Parameters=[@userId='?' (DbType = Guid)], CommandType='Text', CommandTimeout='30']
      SELECT p."Code"
      FROM "UserPermissions" AS u
      INNER JOIN "Permissions" AS p ON u."PermissionId" = p."Id"
      WHERE u."UserId" = @userId
info: Microsoft.EntityFrameworkCore.Database.Command[20101]
      Executed DbCommand (104ms) [Parameters=[@userId='?' (DbType = Guid)], CommandType='Text', CommandTimeout='30']
      SELECT p."Code"
      FROM "UserPermissions" AS u
      INNER JOIN "Permissions" AS p ON u."PermissionId" = p."Id"
      WHERE u."UserId" = @userId
info: Microsoft.EntityFrameworkCore.Database.Command[20101]
      Executed DbCommand (104ms) [Parameters=[@today='?' (DbType = Date), @AddDays='?' (DbType = Date)], CommandType='Text', CommandTimeout='30']
      SELECT count(*)::int
      FROM censo AS c
      WHERE c."FarmaciaProrrogaDeId" IS NULL AND c."FarmaciaProrrogaVersionId" IS NULL AND c."FechaIngreso" >= @today AND c."FechaIngreso" < @AddDays
info: Microsoft.EntityFrameworkCore.Database.Command[20101]
      Executed DbCommand (330ms) [Parameters=[@cedulaFiltro='?'], CommandType='Text', CommandTimeout='30']
      SELECT c."Id", c."AdministracionMedicamentos", c."Aislamiento", c."AltaTardia", c."AmpliacionMotivoRehospitalizacion", c."AplicacionesTotales", c."Area", c."Asegurador", c."AsumirDireccionErrada", c."AutorizacionEvento", c."AuxiliarAsignado", c."AuxiliarAsignadoCateterismo", c."Barrio", c."CambioFrecuenciaAdministracionTto", c."CateterPicc", c."CateterismoOSv", c."ClasificacionRiesgo", c."ClasificacionZonaSura", c."ClinicaHeridas", c."CodigoCie10", c."CorreoElectronico", c."CreatedAtUtc", c."DetalleDireccion", c."DiagnosticoDescriptivo", c."DiasMedicamento2", c."DiasMedicamento3", c."DiasMedicamento4", c."DiasMedicamento5", c."DiasMedicamento6", c."DiasMedicamentoPrincipal", c."DiasTratamientoIv", c."Direccion", c."DireccionValidada", c."DosisMedicamento2", c."DosisMedicamento3", c."DosisMedicamento4", c."DosisMedicamento5", c."DosisMedicamento6", c."DosisMedicamentoPrincipal", c."Edad", c."EsProrroga", c."Estado", c."EstadoDevolucionServicioFarmaceutico", c."EstadoLlamadaBienvenida", c."FarmaciaBolsaDesempacada", c."FarmaciaCantidadEntregas", c."FarmaciaEmpacadoAtUtc", c."FarmaciaEntregaActual", c."FarmaciaEnviadoAtUtc", c."FarmaciaEsEntregaParcial", c."FarmaciaEstado", c."FarmaciaFacturado", c."FarmaciaFechaHoraRecepcionUtc", c."FarmaciaFirmaActualizadaAtUtc", c."FarmaciaFirmaEntregaDataUrl", c."FarmaciaFirmaRecibeDataUrl", c."FarmaciaKardexVistoAtUtc", c."FarmaciaNombreRecibe", c."FarmaciaNotif24hRestanteUtc", c."FarmaciaNotifAuxiliarUltimaUtc", c."FarmaciaOkKardex", c."FarmaciaProrrogaDeId", c."FarmaciaProrrogaVersionId", c."FarmaciaRequisicionVistoAtUtc", c."FechaAlta", c."FechaAltaHospitalizacion", c."FechaFinTratamiento", c."FechaGestionFarmacia", c."FechaIngreso", c."FechaInicioTratamiento", c."FechaMaximaDevolucionProductos", c."FechaNacimiento", c."FechaNovedadDevolucionProductos", c."FechaPrimerSeguimiento24Horas", c."FechaPrimerSeguimientoRehospitalizacion", c."FechaPromesaInicioTto", c."FechaProximoCambioSonda", c."FechaRegistroReporteRehospitalizacion", c."FechaRehospitalizacion", c."FechaRespuesta", c."FechaSegundoSeguimiento48Horas", c."FechaSegundoSeguimientoRehospitalizacion", c."FechaTercerSeguimiento72Horas", c."FechaTercerSeguimientoRehospitalizacion", c."FechaUltimaCuracionPicc", c."FechaUltimoCambioSonda", c."FrecuenciaAdministracionMedicamento2", c."FrecuenciaAdministracionMedicamento3", c."FrecuenciaAdministracionMedicamento4", c."FrecuenciaAdministracionMedicamento5", c."FrecuenciaAdministracionMedicamento6", c."FrecuenciaAdministracionMxPrincipal", c."FrecuenciaAjustada", c."GestionCompletaPendiente", c."HoraGestionFarmacia", c."HoraIngreso", c."HoraPromesaInicioTto", c."HoraRespuesta", c."IndicadorTiempoGestionMinutos", c."IndicadorTiempoRespuestaMinutos", c."IpsIntramuralRehospitalizacion", c."IpsQueRemite", c."KardexCerradoAtUtc", c."KardexCerradoPorFarmaciaId", c."KardexEdicionJson", c."LaboratorioClinicoProcedimiento", c."MedicamentoFrecuenciaAjustada", c."MedidaMedicamento2", c."MedidaMedicamento3", c."MedidaMedicamento4", c."MedidaMedicamento5", c."MedidaMedicamento6", c."MedidaMedicamentoPrincipal", c."MotivoNovedadDevolucionProductos", c."MotivoRehospitalizacion", c."MunicipioResidencia", c."Nebulizaciones", c."NombreMedicamentoNumero2", c."NombreMedicamentoNumero3", c."NombreMedicamentoNumero4", c."NombreMedicamentoNumero5", c."NombreMedicamentoNumero6", c."NombreMedicamentoPrincipalTratante", c."NombrePaciente", c."NombrePerfilGestionaCaso", c."NombreQuienGestionaAlta", c."NombreQuienRealizaSeguimientoAltaTardia", c."NombreRealizaKardex", c."NombreRecepcionaCaso", c."NotificacionAuxiliarDevolucionProductos", c."NumeroCalibreSonda", c."NumeroDiasAutorizado", c."NumeroDosisDiaMedicamentoPrincipal", c."NumeroDosisMedicamento2", c."NumeroDosisMedicamento3", c."NumeroDosisMedicamento4", c."NumeroDosisMedicamento5", c."NumeroDosisMedicamento6", c."NumeroIdentificacion", c."NumeroTelefonoLlamadaBienvenida", c."NutricionEnteral", c."NutricionParenteral", c."ObservacionAltaTardia", c."ObservacionRehospitalizacion", c."ObservacionesPlanManejo", c."PacienteAnticoagulado", c."PacienteGestante", c."PacienteRehospitalizado", c."Programa", c."ProrrogaCerradaAtUtc", c."ProrrogaCerradaPorFarmaciaId", c."ProrrogaJson", c."ProrrogaKardexEdicionJson", c."ProrrogaRequisicionFarmaciaJson", c."RemitidoPorRehospitalizacion", c."RequiereServiciosComplementarios", c."RequisicionFarmaciaJson", c."ResponsableLlamadaBienvenida", c."ServicioComplementario", c."SistemasPresionNegativaVac", c."Telefono1", c."Telefono2", c."Telefono3", c."TipoAislamiento", c."TipoIdentificacion", c."ViaAdministracionMedicamento2", c."ViaAdministracionMedicamento3", c."ViaAdministracionMedicamento4", c."ViaAdministracionMedicamento5", c."ViaAdministracionMedicamento6", c."ViaAdministracionMedicamentoPrincipal", c."VistoBuenoRangoFueraAnexo", c."ZonaDireccionSegunMunicipio"
      FROM censo AS c
      WHERE c."FarmaciaProrrogaDeId" IS NULL AND c."FarmaciaProrrogaVersionId" IS NULL AND c."NumeroIdentificacion" = @cedulaFiltro
      ORDER BY c."FechaIngreso", c."HoraIngreso", c."Id"
info: Microsoft.EntityFrameworkCore.Database.Command[20101]
      Executed DbCommand (102ms) [Parameters=[@tableRecordIds='?' (DbType = Object)], CommandType='Text', CommandTimeout='30']
      SELECT DISTINCT c."FarmaciaProrrogaDeId"
      FROM censo AS c
      WHERE c."FarmaciaOkKardex" AND c."FarmaciaProrrogaDeId" IS NOT NULL AND c."FarmaciaProrrogaVersionId" IS NULL AND c."FarmaciaProrrogaDeId" = ANY (@tableRecordIds)
info: Microsoft.EntityFrameworkCore.Database.Command[20101]
      Executed DbCommand (105ms) [Parameters=[@tableRecordIds='?' (DbType = Object)], CommandType='Text', CommandTimeout='30']
      SELECT c."CensoRecordId", c."Numero", c."ProrrogaJson", c."CerradaAtUtc"
      FROM censo_prorrogas AS c
      WHERE c."CensoRecordId" = ANY (@tableRecordIds)
      ORDER BY c."CensoRecordId", c."Numero"
info: Microsoft.EntityFrameworkCore.Database.Command[20101]
      Executed DbCommand (105ms) [Parameters=[@tableRecordIds='?' (DbType = Object)], CommandType='Text', CommandTimeout='30']
      SELECT DISTINCT c."CensoRecordId"
      FROM censo_adjuntos AS c
      WHERE c."CensoRecordId" = ANY (@tableRecordIds)
info: Microsoft.EntityFrameworkCore.Database.Command[20101]
      Executed DbCommand (166ms) [Parameters=[@cedulaFiltro='?'], CommandType='Text', CommandTimeout='30']
      SELECT c."Id", c."AdministracionMedicamentos", c."Aislamiento", c."AltaTardia", c."AmpliacionMotivoRehospitalizacion", c."AplicacionesTotales", c."Area", c."Asegurador", c."AsumirDireccionErrada", c."AutorizacionEvento", c."AuxiliarAsignado", c."AuxiliarAsignadoCateterismo", c."Barrio", c."CambioFrecuenciaAdministracionTto", c."CateterPicc", c."CateterismoOSv", c."ClasificacionRiesgo", c."ClasificacionZonaSura", c."ClinicaHeridas", c."CodigoCie10", c."CorreoElectronico", c."CreatedAtUtc", c."DetalleDireccion", c."DiagnosticoDescriptivo", c."DiasMedicamento2", c."DiasMedicamento3", c."DiasMedicamento4", c."DiasMedicamento5", c."DiasMedicamento6", c."DiasMedicamentoPrincipal", c."DiasTratamientoIv", c."Direccion", c."DireccionValidada", c."DosisMedicamento2", c."DosisMedicamento3", c."DosisMedicamento4", c."DosisMedicamento5", c."DosisMedicamento6", c."DosisMedicamentoPrincipal", c."Edad", c."EsProrroga", c."Estado", c."EstadoDevolucionServicioFarmaceutico", c."EstadoLlamadaBienvenida", c."FarmaciaBolsaDesempacada", c."FarmaciaCantidadEntregas", c."FarmaciaEmpacadoAtUtc", c."FarmaciaEntregaActual", c."FarmaciaEnviadoAtUtc", c."FarmaciaEsEntregaParcial", c."FarmaciaEstado", c."FarmaciaFacturado", c."FarmaciaFechaHoraRecepcionUtc", c."FarmaciaFirmaActualizadaAtUtc", c."FarmaciaFirmaEntregaDataUrl", c."FarmaciaFirmaRecibeDataUrl", c."FarmaciaKardexVistoAtUtc", c."FarmaciaNombreRecibe", c."FarmaciaNotif24hRestanteUtc", c."FarmaciaNotifAuxiliarUltimaUtc", c."FarmaciaOkKardex", c."FarmaciaProrrogaDeId", c."FarmaciaProrrogaVersionId", c."FarmaciaRequisicionVistoAtUtc", c."FechaAlta", c."FechaAltaHospitalizacion", c."FechaFinTratamiento", c."FechaGestionFarmacia", c."FechaIngreso", c."FechaInicioTratamiento", c."FechaMaximaDevolucionProductos", c."FechaNacimiento", c."FechaNovedadDevolucionProductos", c."FechaPrimerSeguimiento24Horas", c."FechaPrimerSeguimientoRehospitalizacion", c."FechaPromesaInicioTto", c."FechaProximoCambioSonda", c."FechaRegistroReporteRehospitalizacion", c."FechaRehospitalizacion", c."FechaRespuesta", c."FechaSegundoSeguimiento48Horas", c."FechaSegundoSeguimientoRehospitalizacion", c."FechaTercerSeguimiento72Horas", c."FechaTercerSeguimientoRehospitalizacion", c."FechaUltimaCuracionPicc", c."FechaUltimoCambioSonda", c."FrecuenciaAdministracionMedicamento2", c."FrecuenciaAdministracionMedicamento3", c."FrecuenciaAdministracionMedicamento4", c."FrecuenciaAdministracionMedicamento5", c."FrecuenciaAdministracionMedicamento6", c."FrecuenciaAdministracionMxPrincipal", c."FrecuenciaAjustada", c."GestionCompletaPendiente", c."HoraGestionFarmacia", c."HoraIngreso", c."HoraPromesaInicioTto", c."HoraRespuesta", c."IndicadorTiempoGestionMinutos", c."IndicadorTiempoRespuestaMinutos", c."IpsIntramuralRehospitalizacion", c."IpsQueRemite", c."KardexCerradoAtUtc", c."KardexCerradoPorFarmaciaId", c."KardexEdicionJson", c."LaboratorioClinicoProcedimiento", c."MedicamentoFrecuenciaAjustada", c."MedidaMedicamento2", c."MedidaMedicamento3", c."MedidaMedicamento4", c."MedidaMedicamento5", c."MedidaMedicamento6", c."MedidaMedicamentoPrincipal", c."MotivoNovedadDevolucionProductos", c."MotivoRehospitalizacion", c."MunicipioResidencia", c."Nebulizaciones", c."NombreMedicamentoNumero2", c."NombreMedicamentoNumero3", c."NombreMedicamentoNumero4", c."NombreMedicamentoNumero5", c."NombreMedicamentoNumero6", c."NombreMedicamentoPrincipalTratante", c."NombrePaciente", c."NombrePerfilGestionaCaso", c."NombreQuienGestionaAlta", c."NombreQuienRealizaSeguimientoAltaTardia", c."NombreRealizaKardex", c."NombreRecepcionaCaso", c."NotificacionAuxiliarDevolucionProductos", c."NumeroCalibreSonda", c."NumeroDiasAutorizado", c."NumeroDosisDiaMedicamentoPrincipal", c."NumeroDosisMedicamento2", c."NumeroDosisMedicamento3", c."NumeroDosisMedicamento4", c."NumeroDosisMedicamento5", c."NumeroDosisMedicamento6", c."NumeroIdentificacion", c."NumeroTelefonoLlamadaBienvenida", c."NutricionEnteral", c."NutricionParenteral", c."ObservacionAltaTardia", c."ObservacionRehospitalizacion", c."ObservacionesPlanManejo", c."PacienteAnticoagulado", c."PacienteGestante", c."PacienteRehospitalizado", c."Programa", c."ProrrogaCerradaAtUtc", c."ProrrogaCerradaPorFarmaciaId", c."ProrrogaJson", c."ProrrogaKardexEdicionJson", c."ProrrogaRequisicionFarmaciaJson", c."RemitidoPorRehospitalizacion", c."RequiereServiciosComplementarios", c."RequisicionFarmaciaJson", c."ResponsableLlamadaBienvenida", c."ServicioComplementario", c."SistemasPresionNegativaVac", c."Telefono1", c."Telefono2", c."Telefono3", c."TipoAislamiento", c."TipoIdentificacion", c."ViaAdministracionMedicamento2", c."ViaAdministracionMedicamento3", c."ViaAdministracionMedicamento4", c."ViaAdministracionMedicamento5", c."ViaAdministracionMedicamento6", c."ViaAdministracionMedicamentoPrincipal", c."VistoBuenoRangoFueraAnexo", c."ZonaDireccionSegunMunicipio"
      FROM censo AS c
      WHERE c."FarmaciaProrrogaDeId" IS NULL AND c."FarmaciaProrrogaVersionId" IS NULL AND c."NumeroIdentificacion" = @cedulaFiltro
      ORDER BY c."FechaIngreso" DESC, c."HoraIngreso" DESC, c."Id" DESC
      LIMIT 1
info: Microsoft.EntityFrameworkCore.Database.Command[20101]
      Executed DbCommand (101ms) [Parameters=[], CommandType='Text', CommandTimeout='30']
      SELECT n."Id", n."CreatedAtUtc", n."IsActive", n."Name", n."NormalizedName"
      FROM "NursingAssistants" AS n
      WHERE n."IsActive"
      ORDER BY n."Name"
info: Microsoft.EntityFrameworkCore.Database.Command[20101]
      Executed DbCommand (110ms) [Parameters=[], CommandType='Text', CommandTimeout='30']
      SELECT m."Nombre", m."NormalizedNombre", m."PresentacionRequisicion", m."ConcentracionMiligramos", m."Jeringa", m."SolucionParaDilucion", m."DilucionRecomendada", m."VehiculoReconstitucion", m."TiempoEstabilidad", m."TiempoInfusionMinutos", m."BombaInfusion", m."MarcacionRiesgo", m."Flebozantes", m."EquipoFotosensible", m."CadenaFrio"
      FROM "Medicamentos" AS m
      WHERE m."IsActive"
      ORDER BY m."Nombre"
info: System.Net.Http.HttpClient.IAddressValidationService.LogicalHandler[100]
      Start processing HTTP request GET https://maps.googleapis.com/maps/api/geocode/json?*
info: System.Net.Http.HttpClient.IAddressValidationService.ClientHandler[100]
      Sending HTTP request GET https://maps.googleapis.com/maps/api/geocode/json?*
info: System.Net.Http.HttpClient.IAddressValidationService.ClientHandler[101]
      Received HTTP response headers after 173.2912ms - 200
info: System.Net.Http.HttpClient.IAddressValidationService.LogicalHandler[101]
      End processing HTTP request after 173.5877ms - 200
info: System.Net.Http.HttpClient.IAddressValidationService.LogicalHandler[100]
      Start processing HTTP request GET https://maps.googleapis.com/maps/api/geocode/json?*
info: System.Net.Http.HttpClient.IAddressValidationService.ClientHandler[100]
      Sending HTTP request GET https://maps.googleapis.com/maps/api/geocode/json?*
info: System.Net.Http.HttpClient.IAddressValidationService.ClientHandler[101]
      Received HTTP response headers after 319.9541ms - 200
info: System.Net.Http.HttpClient.IAddressValidationService.LogicalHandler[101]
      End processing HTTP request after 320.1981ms - 200
info: System.Net.Http.HttpClient.IAddressValidationService.LogicalHandler[100]
      Start processing HTTP request GET https://maps.googleapis.com/maps/api/geocode/json?*
info: System.Net.Http.HttpClient.IAddressValidationService.ClientHandler[100]
      Sending HTTP request GET https://maps.googleapis.com/maps/api/geocode/json?*
info: System.Net.Http.HttpClient.IAddressValidationService.ClientHandler[101]
      Received HTTP response headers after 194.4959ms - 200
info: System.Net.Http.HttpClient.IAddressValidationService.LogicalHandler[101]
      End processing HTTP request after 194.6584ms - 200
info: Microsoft.EntityFrameworkCore.Database.Command[20101]
      Executed DbCommand (102ms) [Parameters=[@userId='?' (DbType = Guid)], CommandType='Text', CommandTimeout='30']
      SELECT EXISTS (
          SELECT 1
          FROM "Users" AS u
          WHERE u."Id" = @userId AND u."IsActive")
info: Microsoft.EntityFrameworkCore.Database.Command[20101]
      Executed DbCommand (102ms) [Parameters=[@userId='?' (DbType = Guid)], CommandType='Text', CommandTimeout='30']
      SELECT EXISTS (
          SELECT 1
          FROM "Users" AS u
          WHERE u."Id" = @userId AND u."IsActive")
info: Microsoft.EntityFrameworkCore.Database.Command[20101]
      Executed DbCommand (111ms) [Parameters=[@userId='?' (DbType = Guid)], CommandType='Text', CommandTimeout='30']
      SELECT p."Code"
      FROM "UserPermissions" AS u
      INNER JOIN "Permissions" AS p ON u."PermissionId" = p."Id"
      WHERE u."UserId" = @userId
info: Microsoft.EntityFrameworkCore.Database.Command[20101]
      Executed DbCommand (110ms) [Parameters=[@userId='?' (DbType = Guid)], CommandType='Text', CommandTimeout='30']
      SELECT p."Code"
      FROM "UserPermissions" AS u
      INNER JOIN "Permissions" AS p ON u."PermissionId" = p."Id"
      WHERE u."UserId" = @userId
info: Microsoft.EntityFrameworkCore.Database.Command[20101]
      Executed DbCommand (104ms) [Parameters=[@userId='?' (DbType = Guid)], CommandType='Text', CommandTimeout='30']
      SELECT EXISTS (
          SELECT 1
          FROM "Users" AS u
          WHERE u."Id" = @userId AND u."IsActive")
info: Microsoft.EntityFrameworkCore.Database.Command[20101]
      Executed DbCommand (104ms) [Parameters=[@userId='?' (DbType = Guid)], CommandType='Text', CommandTimeout='30']
      SELECT EXISTS (
          SELECT 1
          FROM "Users" AS u
          WHERE u."Id" = @userId AND u."IsActive")
info: Microsoft.EntityFrameworkCore.Database.Command[20101]
      Executed DbCommand (105ms) [Parameters=[@userId='?' (DbType = Guid)], CommandType='Text', CommandTimeout='30']
      SELECT p."Code"
      FROM "UserPermissions" AS u
      INNER JOIN "Permissions" AS p ON u."PermissionId" = p."Id"
      WHERE u."UserId" = @userId
info: Microsoft.EntityFrameworkCore.Database.Command[20101]
      Executed DbCommand (101ms) [Parameters=[@userId='?' (DbType = Guid)], CommandType='Text', CommandTimeout='30']
      SELECT p."Code"
      FROM "UserPermissions" AS u
      INNER JOIN "Permissions" AS p ON u."PermissionId" = p."Id"
      WHERE u."UserId" = @userId
info: Microsoft.EntityFrameworkCore.Database.Command[20101]
      Executed DbCommand (113ms) [Parameters=[@id='?' (DbType = Int64)], CommandType='Text', CommandTimeout='30']
      SELECT c."Id", c."NumeroIdentificacion", c."KardexEdicionJson", c."RequisicionFarmaciaJson", c."ProrrogaKardexEdicionJson", c."ProrrogaRequisicionFarmaciaJson", c."ProrrogaJson", c."KardexCerradoAtUtc", c."ProrrogaCerradaAtUtc", c."ProrrogaCerradaPorFarmaciaId"
      FROM censo AS c
      WHERE c."Id" = @id
      LIMIT 1
info: Microsoft.EntityFrameworkCore.Database.Command[20101]
      Executed DbCommand (104ms) [Parameters=[@id='?' (DbType = Int64)], CommandType='Text', CommandTimeout='30']
      SELECT c."Id" AS id, c."Numero" AS numero, c."ProrrogaJson" AS "prorrogaJson", c."KardexEdicionJson" AS "kardexJson", c."RequisicionFarmaciaJson" AS "requisicionJson", c."CerradaAtUtc" IS NOT NULL AS cerrada, c."CerradaAtUtc" AS "cerradaAtUtc"
      FROM censo_prorrogas AS c
      WHERE c."CensoRecordId" = @id
      ORDER BY c."Numero"
info: Microsoft.EntityFrameworkCore.Database.Command[20101]
      Executed DbCommand (109ms) [Parameters=[@record_NumeroIdentificacion='?', @id='?' (DbType = Int64)], CommandType='Text', CommandTimeout='30']
      SELECT c."Id"
      FROM censo AS c
      WHERE c."NumeroIdentificacion" = @record_NumeroIdentificacion AND c."Id" <> @id AND ((c."ProrrogaJson" IS NOT NULL AND c."ProrrogaJson" <> '') OR EXISTS (
          SELECT 1
          FROM censo_prorrogas AS c0
          WHERE c0."CensoRecordId" = c."Id" AND c0."ProrrogaJson" <> ''))
      ORDER BY c."FechaIngreso" DESC, c."HoraIngreso" DESC, c."Id" DESC
      LIMIT 1
info: Microsoft.EntityFrameworkCore.Database.Command[20101]
      Executed DbCommand (143ms) [Parameters=[@cutoffEmpacado='?' (DbType = DateTime)], CommandType='Text', CommandTimeout='30']
      SELECT c."Id", c."AdministracionMedicamentos", c."Aislamiento", c."AltaTardia", c."AmpliacionMotivoRehospitalizacion", c."AplicacionesTotales", c."Area", c."Asegurador", c."AsumirDireccionErrada", c."AutorizacionEvento", c."AuxiliarAsignado", c."AuxiliarAsignadoCateterismo", c."Barrio", c."CambioFrecuenciaAdministracionTto", c."CateterPicc", c."CateterismoOSv", c."ClasificacionRiesgo", c."ClasificacionZonaSura", c."ClinicaHeridas", c."CodigoCie10", c."CorreoElectronico", c."CreatedAtUtc", c."DetalleDireccion", c."DiagnosticoDescriptivo", c."DiasMedicamento2", c."DiasMedicamento3", c."DiasMedicamento4", c."DiasMedicamento5", c."DiasMedicamento6", c."DiasMedicamentoPrincipal", c."DiasTratamientoIv", c."Direccion", c."DireccionValidada", c."DosisMedicamento2", c."DosisMedicamento3", c."DosisMedicamento4", c."DosisMedicamento5", c."DosisMedicamento6", c."DosisMedicamentoPrincipal", c."Edad", c."EsProrroga", c."Estado", c."EstadoDevolucionServicioFarmaceutico", c."EstadoLlamadaBienvenida", c."FarmaciaBolsaDesempacada", c."FarmaciaCantidadEntregas", c."FarmaciaEmpacadoAtUtc", c."FarmaciaEntregaActual", c."FarmaciaEnviadoAtUtc", c."FarmaciaEsEntregaParcial", c."FarmaciaEstado", c."FarmaciaFacturado", c."FarmaciaFechaHoraRecepcionUtc", c."FarmaciaFirmaActualizadaAtUtc", c."FarmaciaFirmaEntregaDataUrl", c."FarmaciaFirmaRecibeDataUrl", c."FarmaciaKardexVistoAtUtc", c."FarmaciaNombreRecibe", c."FarmaciaNotif24hRestanteUtc", c."FarmaciaNotifAuxiliarUltimaUtc", c."FarmaciaOkKardex", c."FarmaciaProrrogaDeId", c."FarmaciaProrrogaVersionId", c."FarmaciaRequisicionVistoAtUtc", c."FechaAlta", c."FechaAltaHospitalizacion", c."FechaFinTratamiento", c."FechaGestionFarmacia", c."FechaIngreso", c."FechaInicioTratamiento", c."FechaMaximaDevolucionProductos", c."FechaNacimiento", c."FechaNovedadDevolucionProductos", c."FechaPrimerSeguimiento24Horas", c."FechaPrimerSeguimientoRehospitalizacion", c."FechaPromesaInicioTto", c."FechaProximoCambioSonda", c."FechaRegistroReporteRehospitalizacion", c."FechaRehospitalizacion", c."FechaRespuesta", c."FechaSegundoSeguimiento48Horas", c."FechaSegundoSeguimientoRehospitalizacion", c."FechaTercerSeguimiento72Horas", c."FechaTercerSeguimientoRehospitalizacion", c."FechaUltimaCuracionPicc", c."FechaUltimoCambioSonda", c."FrecuenciaAdministracionMedicamento2", c."FrecuenciaAdministracionMedicamento3", c."FrecuenciaAdministracionMedicamento4", c."FrecuenciaAdministracionMedicamento5", c."FrecuenciaAdministracionMedicamento6", c."FrecuenciaAdministracionMxPrincipal", c."FrecuenciaAjustada", c."GestionCompletaPendiente", c."HoraGestionFarmacia", c."HoraIngreso", c."HoraPromesaInicioTto", c."HoraRespuesta", c."IndicadorTiempoGestionMinutos", c."IndicadorTiempoRespuestaMinutos", c."IpsIntramuralRehospitalizacion", c."IpsQueRemite", c."KardexCerradoAtUtc", c."KardexCerradoPorFarmaciaId", c."KardexEdicionJson", c."LaboratorioClinicoProcedimiento", c."MedicamentoFrecuenciaAjustada", c."MedidaMedicamento2", c."MedidaMedicamento3", c."MedidaMedicamento4", c."MedidaMedicamento5", c."MedidaMedicamento6", c."MedidaMedicamentoPrincipal", c."MotivoNovedadDevolucionProductos", c."MotivoRehospitalizacion", c."MunicipioResidencia", c."Nebulizaciones", c."NombreMedicamentoNumero2", c."NombreMedicamentoNumero3", c."NombreMedicamentoNumero4", c."NombreMedicamentoNumero5", c."NombreMedicamentoNumero6", c."NombreMedicamentoPrincipalTratante", c."NombrePaciente", c."NombrePerfilGestionaCaso", c."NombreQuienGestionaAlta", c."NombreQuienRealizaSeguimientoAltaTardia", c."NombreRealizaKardex", c."NombreRecepcionaCaso", c."NotificacionAuxiliarDevolucionProductos", c."NumeroCalibreSonda", c."NumeroDiasAutorizado", c."NumeroDosisDiaMedicamentoPrincipal", c."NumeroDosisMedicamento2", c."NumeroDosisMedicamento3", c."NumeroDosisMedicamento4", c."NumeroDosisMedicamento5", c."NumeroDosisMedicamento6", c."NumeroIdentificacion", c."NumeroTelefonoLlamadaBienvenida", c."NutricionEnteral", c."NutricionParenteral", c."ObservacionAltaTardia", c."ObservacionRehospitalizacion", c."ObservacionesPlanManejo", c."PacienteAnticoagulado", c."PacienteGestante", c."PacienteRehospitalizado", c."Programa", c."ProrrogaCerradaAtUtc", c."ProrrogaCerradaPorFarmaciaId", c."ProrrogaJson", c."ProrrogaKardexEdicionJson", c."ProrrogaRequisicionFarmaciaJson", c."RemitidoPorRehospitalizacion", c."RequiereServiciosComplementarios", c."RequisicionFarmaciaJson", c."ResponsableLlamadaBienvenida", c."ServicioComplementario", c."SistemasPresionNegativaVac", c."Telefono1", c."Telefono2", c."Telefono3", c."TipoAislamiento", c."TipoIdentificacion", c."ViaAdministracionMedicamento2", c."ViaAdministracionMedicamento3", c."ViaAdministracionMedicamento4", c."ViaAdministracionMedicamento5", c."ViaAdministracionMedicamento6", c."ViaAdministracionMedicamentoPrincipal", c."VistoBuenoRangoFueraAnexo", c."ZonaDireccionSegunMunicipio"
      FROM censo AS c
      WHERE c."FarmaciaEstado" = 'Empacado' AND c."FarmaciaEmpacadoAtUtc" IS NOT NULL AND c."FarmaciaEmpacadoAtUtc" > @cutoffEmpacado
info: Microsoft.EntityFrameworkCore.Database.Command[20101]
      Executed DbCommand (148ms) [Parameters=[@cutoffEmpacado='?' (DbType = DateTime)], CommandType='Text', CommandTimeout='30']
      SELECT c."Id", c."AdministracionMedicamentos", c."Aislamiento", c."AltaTardia", c."AmpliacionMotivoRehospitalizacion", c."AplicacionesTotales", c."Area", c."Asegurador", c."AsumirDireccionErrada", c."AutorizacionEvento", c."AuxiliarAsignado", c."AuxiliarAsignadoCateterismo", c."Barrio", c."CambioFrecuenciaAdministracionTto", c."CateterPicc", c."CateterismoOSv", c."ClasificacionRiesgo", c."ClasificacionZonaSura", c."ClinicaHeridas", c."CodigoCie10", c."CorreoElectronico", c."CreatedAtUtc", c."DetalleDireccion", c."DiagnosticoDescriptivo", c."DiasMedicamento2", c."DiasMedicamento3", c."DiasMedicamento4", c."DiasMedicamento5", c."DiasMedicamento6", c."DiasMedicamentoPrincipal", c."DiasTratamientoIv", c."Direccion", c."DireccionValidada", c."DosisMedicamento2", c."DosisMedicamento3", c."DosisMedicamento4", c."DosisMedicamento5", c."DosisMedicamento6", c."DosisMedicamentoPrincipal", c."Edad", c."EsProrroga", c."Estado", c."EstadoDevolucionServicioFarmaceutico", c."EstadoLlamadaBienvenida", c."FarmaciaBolsaDesempacada", c."FarmaciaCantidadEntregas", c."FarmaciaEmpacadoAtUtc", c."FarmaciaEntregaActual", c."FarmaciaEnviadoAtUtc", c."FarmaciaEsEntregaParcial", c."FarmaciaEstado", c."FarmaciaFacturado", c."FarmaciaFechaHoraRecepcionUtc", c."FarmaciaFirmaActualizadaAtUtc", c."FarmaciaFirmaEntregaDataUrl", c."FarmaciaFirmaRecibeDataUrl", c."FarmaciaKardexVistoAtUtc", c."FarmaciaNombreRecibe", c."FarmaciaNotif24hRestanteUtc", c."FarmaciaNotifAuxiliarUltimaUtc", c."FarmaciaOkKardex", c."FarmaciaProrrogaDeId", c."FarmaciaProrrogaVersionId", c."FarmaciaRequisicionVistoAtUtc", c."FechaAlta", c."FechaAltaHospitalizacion", c."FechaFinTratamiento", c."FechaGestionFarmacia", c."FechaIngreso", c."FechaInicioTratamiento", c."FechaMaximaDevolucionProductos", c."FechaNacimiento", c."FechaNovedadDevolucionProductos", c."FechaPrimerSeguimiento24Horas", c."FechaPrimerSeguimientoRehospitalizacion", c."FechaPromesaInicioTto", c."FechaProximoCambioSonda", c."FechaRegistroReporteRehospitalizacion", c."FechaRehospitalizacion", c."FechaRespuesta", c."FechaSegundoSeguimiento48Horas", c."FechaSegundoSeguimientoRehospitalizacion", c."FechaTercerSeguimiento72Horas", c."FechaTercerSeguimientoRehospitalizacion", c."FechaUltimaCuracionPicc", c."FechaUltimoCambioSonda", c."FrecuenciaAdministracionMedicamento2", c."FrecuenciaAdministracionMedicamento3", c."FrecuenciaAdministracionMedicamento4", c."FrecuenciaAdministracionMedicamento5", c."FrecuenciaAdministracionMedicamento6", c."FrecuenciaAdministracionMxPrincipal", c."FrecuenciaAjustada", c."GestionCompletaPendiente", c."HoraGestionFarmacia", c."HoraIngreso", c."HoraPromesaInicioTto", c."HoraRespuesta", c."IndicadorTiempoGestionMinutos", c."IndicadorTiempoRespuestaMinutos", c."IpsIntramuralRehospitalizacion", c."IpsQueRemite", c."KardexCerradoAtUtc", c."KardexCerradoPorFarmaciaId", c."KardexEdicionJson", c."LaboratorioClinicoProcedimiento", c."MedicamentoFrecuenciaAjustada", c."MedidaMedicamento2", c."MedidaMedicamento3", c."MedidaMedicamento4", c."MedidaMedicamento5", c."MedidaMedicamento6", c."MedidaMedicamentoPrincipal", c."MotivoNovedadDevolucionProductos", c."MotivoRehospitalizacion", c."MunicipioResidencia", c."Nebulizaciones", c."NombreMedicamentoNumero2", c."NombreMedicamentoNumero3", c."NombreMedicamentoNumero4", c."NombreMedicamentoNumero5", c."NombreMedicamentoNumero6", c."NombreMedicamentoPrincipalTratante", c."NombrePaciente", c."NombrePerfilGestionaCaso", c."NombreQuienGestionaAlta", c."NombreQuienRealizaSeguimientoAltaTardia", c."NombreRealizaKardex", c."NombreRecepcionaCaso", c."NotificacionAuxiliarDevolucionProductos", c."NumeroCalibreSonda", c."NumeroDiasAutorizado", c."NumeroDosisDiaMedicamentoPrincipal", c."NumeroDosisMedicamento2", c."NumeroDosisMedicamento3", c."NumeroDosisMedicamento4", c."NumeroDosisMedicamento5", c."NumeroDosisMedicamento6", c."NumeroIdentificacion", c."NumeroTelefonoLlamadaBienvenida", c."NutricionEnteral", c."NutricionParenteral", c."ObservacionAltaTardia", c."ObservacionRehospitalizacion", c."ObservacionesPlanManejo", c."PacienteAnticoagulado", c."PacienteGestante", c."PacienteRehospitalizado", c."Programa", c."ProrrogaCerradaAtUtc", c."ProrrogaCerradaPorFarmaciaId", c."ProrrogaJson", c."ProrrogaKardexEdicionJson", c."ProrrogaRequisicionFarmaciaJson", c."RemitidoPorRehospitalizacion", c."RequiereServiciosComplementarios", c."RequisicionFarmaciaJson", c."ResponsableLlamadaBienvenida", c."ServicioComplementario", c."SistemasPresionNegativaVac", c."Telefono1", c."Telefono2", c."Telefono3", c."TipoAislamiento", c."TipoIdentificacion", c."ViaAdministracionMedicamento2", c."ViaAdministracionMedicamento3", c."ViaAdministracionMedicamento4", c."ViaAdministracionMedicamento5", c."ViaAdministracionMedicamento6", c."ViaAdministracionMedicamentoPrincipal", c."VistoBuenoRangoFueraAnexo", c."ZonaDireccionSegunMunicipio"
      FROM censo AS c
      WHERE c."FarmaciaEstado" = 'Empacado' AND c."FarmaciaEmpacadoAtUtc" IS NOT NULL AND c."FarmaciaEmpacadoAtUtc" > @cutoffEmpacado
info: Microsoft.EntityFrameworkCore.Database.Command[20101]
      Executed DbCommand (147ms) [Parameters=[@cutoffEmpacado='?' (DbType = DateTime)], CommandType='Text', CommandTimeout='30']
      SELECT c."Id", c."AdministracionMedicamentos", c."Aislamiento", c."AltaTardia", c."AmpliacionMotivoRehospitalizacion", c."AplicacionesTotales", c."Area", c."Asegurador", c."AsumirDireccionErrada", c."AutorizacionEvento", c."AuxiliarAsignado", c."AuxiliarAsignadoCateterismo", c."Barrio", c."CambioFrecuenciaAdministracionTto", c."CateterPicc", c."CateterismoOSv", c."ClasificacionRiesgo", c."ClasificacionZonaSura", c."ClinicaHeridas", c."CodigoCie10", c."CorreoElectronico", c."CreatedAtUtc", c."DetalleDireccion", c."DiagnosticoDescriptivo", c."DiasMedicamento2", c."DiasMedicamento3", c."DiasMedicamento4", c."DiasMedicamento5", c."DiasMedicamento6", c."DiasMedicamentoPrincipal", c."DiasTratamientoIv", c."Direccion", c."DireccionValidada", c."DosisMedicamento2", c."DosisMedicamento3", c."DosisMedicamento4", c."DosisMedicamento5", c."DosisMedicamento6", c."DosisMedicamentoPrincipal", c."Edad", c."EsProrroga", c."Estado", c."EstadoDevolucionServicioFarmaceutico", c."EstadoLlamadaBienvenida", c."FarmaciaBolsaDesempacada", c."FarmaciaCantidadEntregas", c."FarmaciaEmpacadoAtUtc", c."FarmaciaEntregaActual", c."FarmaciaEnviadoAtUtc", c."FarmaciaEsEntregaParcial", c."FarmaciaEstado", c."FarmaciaFacturado", c."FarmaciaFechaHoraRecepcionUtc", c."FarmaciaFirmaActualizadaAtUtc", c."FarmaciaFirmaEntregaDataUrl", c."FarmaciaFirmaRecibeDataUrl", c."FarmaciaKardexVistoAtUtc", c."FarmaciaNombreRecibe", c."FarmaciaNotif24hRestanteUtc", c."FarmaciaNotifAuxiliarUltimaUtc", c."FarmaciaOkKardex", c."FarmaciaProrrogaDeId", c."FarmaciaProrrogaVersionId", c."FarmaciaRequisicionVistoAtUtc", c."FechaAlta", c."FechaAltaHospitalizacion", c."FechaFinTratamiento", c."FechaGestionFarmacia", c."FechaIngreso", c."FechaInicioTratamiento", c."FechaMaximaDevolucionProductos", c."FechaNacimiento", c."FechaNovedadDevolucionProductos", c."FechaPrimerSeguimiento24Horas", c."FechaPrimerSeguimientoRehospitalizacion", c."FechaPromesaInicioTto", c."FechaProximoCambioSonda", c."FechaRegistroReporteRehospitalizacion", c."FechaRehospitalizacion", c."FechaRespuesta", c."FechaSegundoSeguimiento48Horas", c."FechaSegundoSeguimientoRehospitalizacion", c."FechaTercerSeguimiento72Horas", c."FechaTercerSeguimientoRehospitalizacion", c."FechaUltimaCuracionPicc", c."FechaUltimoCambioSonda", c."FrecuenciaAdministracionMedicamento2", c."FrecuenciaAdministracionMedicamento3", c."FrecuenciaAdministracionMedicamento4", c."FrecuenciaAdministracionMedicamento5", c."FrecuenciaAdministracionMedicamento6", c."FrecuenciaAdministracionMxPrincipal", c."FrecuenciaAjustada", c."GestionCompletaPendiente", c."HoraGestionFarmacia", c."HoraIngreso", c."HoraPromesaInicioTto", c."HoraRespuesta", c."IndicadorTiempoGestionMinutos", c."IndicadorTiempoRespuestaMinutos", c."IpsIntramuralRehospitalizacion", c."IpsQueRemite", c."KardexCerradoAtUtc", c."KardexCerradoPorFarmaciaId", c."KardexEdicionJson", c."LaboratorioClinicoProcedimiento", c."MedicamentoFrecuenciaAjustada", c."MedidaMedicamento2", c."MedidaMedicamento3", c."MedidaMedicamento4", c."MedidaMedicamento5", c."MedidaMedicamento6", c."MedidaMedicamentoPrincipal", c."MotivoNovedadDevolucionProductos", c."MotivoRehospitalizacion", c."MunicipioResidencia", c."Nebulizaciones", c."NombreMedicamentoNumero2", c."NombreMedicamentoNumero3", c."NombreMedicamentoNumero4", c."NombreMedicamentoNumero5", c."NombreMedicamentoNumero6", c."NombreMedicamentoPrincipalTratante", c."NombrePaciente", c."NombrePerfilGestionaCaso", c."NombreQuienGestionaAlta", c."NombreQuienRealizaSeguimientoAltaTardia", c."NombreRealizaKardex", c."NombreRecepcionaCaso", c."NotificacionAuxiliarDevolucionProductos", c."NumeroCalibreSonda", c."NumeroDiasAutorizado", c."NumeroDosisDiaMedicamentoPrincipal", c."NumeroDosisMedicamento2", c."NumeroDosisMedicamento3", c."NumeroDosisMedicamento4", c."NumeroDosisMedicamento5", c."NumeroDosisMedicamento6", c."NumeroIdentificacion", c."NumeroTelefonoLlamadaBienvenida", c."NutricionEnteral", c."NutricionParenteral", c."ObservacionAltaTardia", c."ObservacionRehospitalizacion", c."ObservacionesPlanManejo", c."PacienteAnticoagulado", c."PacienteGestante", c."PacienteRehospitalizado", c."Programa", c."ProrrogaCerradaAtUtc", c."ProrrogaCerradaPorFarmaciaId", c."ProrrogaJson", c."ProrrogaKardexEdicionJson", c."ProrrogaRequisicionFarmaciaJson", c."RemitidoPorRehospitalizacion", c."RequiereServiciosComplementarios", c."RequisicionFarmaciaJson", c."ResponsableLlamadaBienvenida", c."ServicioComplementario", c."SistemasPresionNegativaVac", c."Telefono1", c."Telefono2", c."Telefono3", c."TipoAislamiento", c."TipoIdentificacion", c."ViaAdministracionMedicamento2", c."ViaAdministracionMedicamento3", c."ViaAdministracionMedicamento4", c."ViaAdministracionMedicamento5", c."ViaAdministracionMedicamento6", c."ViaAdministracionMedicamentoPrincipal", c."VistoBuenoRangoFueraAnexo", c."ZonaDireccionSegunMunicipio"
      FROM censo AS c
      WHERE c."FarmaciaEstado" = 'Empacado' AND c."FarmaciaEmpacadoAtUtc" IS NOT NULL AND c."FarmaciaEmpacadoAtUtc" > @cutoffEmpacado
info: Microsoft.EntityFrameworkCore.Database.Command[20101]
      Executed DbCommand (146ms) [Parameters=[@cutoffEmpacado='?' (DbType = DateTime)], CommandType='Text', CommandTimeout='30']
      SELECT c."Id", c."AdministracionMedicamentos", c."Aislamiento", c."AltaTardia", c."AmpliacionMotivoRehospitalizacion", c."AplicacionesTotales", c."Area", c."Asegurador", c."AsumirDireccionErrada", c."AutorizacionEvento", c."AuxiliarAsignado", c."AuxiliarAsignadoCateterismo", c."Barrio", c."CambioFrecuenciaAdministracionTto", c."CateterPicc", c."CateterismoOSv", c."ClasificacionRiesgo", c."ClasificacionZonaSura", c."ClinicaHeridas", c."CodigoCie10", c."CorreoElectronico", c."CreatedAtUtc", c."DetalleDireccion", c."DiagnosticoDescriptivo", c."DiasMedicamento2", c."DiasMedicamento3", c."DiasMedicamento4", c."DiasMedicamento5", c."DiasMedicamento6", c."DiasMedicamentoPrincipal", c."DiasTratamientoIv", c."Direccion", c."DireccionValidada", c."DosisMedicamento2", c."DosisMedicamento3", c."DosisMedicamento4", c."DosisMedicamento5", c."DosisMedicamento6", c."DosisMedicamentoPrincipal", c."Edad", c."EsProrroga", c."Estado", c."EstadoDevolucionServicioFarmaceutico", c."EstadoLlamadaBienvenida", c."FarmaciaBolsaDesempacada", c."FarmaciaCantidadEntregas", c."FarmaciaEmpacadoAtUtc", c."FarmaciaEntregaActual", c."FarmaciaEnviadoAtUtc", c."FarmaciaEsEntregaParcial", c."FarmaciaEstado", c."FarmaciaFacturado", c."FarmaciaFechaHoraRecepcionUtc", c."FarmaciaFirmaActualizadaAtUtc", c."FarmaciaFirmaEntregaDataUrl", c."FarmaciaFirmaRecibeDataUrl", c."FarmaciaKardexVistoAtUtc", c."FarmaciaNombreRecibe", c."FarmaciaNotif24hRestanteUtc", c."FarmaciaNotifAuxiliarUltimaUtc", c."FarmaciaOkKardex", c."FarmaciaProrrogaDeId", c."FarmaciaProrrogaVersionId", c."FarmaciaRequisicionVistoAtUtc", c."FechaAlta", c."FechaAltaHospitalizacion", c."FechaFinTratamiento", c."FechaGestionFarmacia", c."FechaIngreso", c."FechaInicioTratamiento", c."FechaMaximaDevolucionProductos", c."FechaNacimiento", c."FechaNovedadDevolucionProductos", c."FechaPrimerSeguimiento24Horas", c."FechaPrimerSeguimientoRehospitalizacion", c."FechaPromesaInicioTto", c."FechaProximoCambioSonda", c."FechaRegistroReporteRehospitalizacion", c."FechaRehospitalizacion", c."FechaRespuesta", c."FechaSegundoSeguimiento48Horas", c."FechaSegundoSeguimientoRehospitalizacion", c."FechaTercerSeguimiento72Horas", c."FechaTercerSeguimientoRehospitalizacion", c."FechaUltimaCuracionPicc", c."FechaUltimoCambioSonda", c."FrecuenciaAdministracionMedicamento2", c."FrecuenciaAdministracionMedicamento3", c."FrecuenciaAdministracionMedicamento4", c."FrecuenciaAdministracionMedicamento5", c."FrecuenciaAdministracionMedicamento6", c."FrecuenciaAdministracionMxPrincipal", c."FrecuenciaAjustada", c."GestionCompletaPendiente", c."HoraGestionFarmacia", c."HoraIngreso", c."HoraPromesaInicioTto", c."HoraRespuesta", c."IndicadorTiempoGestionMinutos", c."IndicadorTiempoRespuestaMinutos", c."IpsIntramuralRehospitalizacion", c."IpsQueRemite", c."KardexCerradoAtUtc", c."KardexCerradoPorFarmaciaId", c."KardexEdicionJson", c."LaboratorioClinicoProcedimiento", c."MedicamentoFrecuenciaAjustada", c."MedidaMedicamento2", c."MedidaMedicamento3", c."MedidaMedicamento4", c."MedidaMedicamento5", c."MedidaMedicamento6", c."MedidaMedicamentoPrincipal", c."MotivoNovedadDevolucionProductos", c."MotivoRehospitalizacion", c."MunicipioResidencia", c."Nebulizaciones", c."NombreMedicamentoNumero2", c."NombreMedicamentoNumero3", c."NombreMedicamentoNumero4", c."NombreMedicamentoNumero5", c."NombreMedicamentoNumero6", c."NombreMedicamentoPrincipalTratante", c."NombrePaciente", c."NombrePerfilGestionaCaso", c."NombreQuienGestionaAlta", c."NombreQuienRealizaSeguimientoAltaTardia", c."NombreRealizaKardex", c."NombreRecepcionaCaso", c."NotificacionAuxiliarDevolucionProductos", c."NumeroCalibreSonda", c."NumeroDiasAutorizado", c."NumeroDosisDiaMedicamentoPrincipal", c."NumeroDosisMedicamento2", c."NumeroDosisMedicamento3", c."NumeroDosisMedicamento4", c."NumeroDosisMedicamento5", c."NumeroDosisMedicamento6", c."NumeroIdentificacion", c."NumeroTelefonoLlamadaBienvenida", c."NutricionEnteral", c."NutricionParenteral", c."ObservacionAltaTardia", c."ObservacionRehospitalizacion", c."ObservacionesPlanManejo", c."PacienteAnticoagulado", c."PacienteGestante", c."PacienteRehospitalizado", c."Programa", c."ProrrogaCerradaAtUtc", c."ProrrogaCerradaPorFarmaciaId", c."ProrrogaJson", c."ProrrogaKardexEdicionJson", c."ProrrogaRequisicionFarmaciaJson", c."RemitidoPorRehospitalizacion", c."RequiereServiciosComplementarios", c."RequisicionFarmaciaJson", c."ResponsableLlamadaBienvenida", c."ServicioComplementario", c."SistemasPresionNegativaVac", c."Telefono1", c."Telefono2", c."Telefono3", c."TipoAislamiento", c."TipoIdentificacion", c."ViaAdministracionMedicamento2", c."ViaAdministracionMedicamento3", c."ViaAdministracionMedicamento4", c."ViaAdministracionMedicamento5", c."ViaAdministracionMedicamento6", c."ViaAdministracionMedicamentoPrincipal", c."VistoBuenoRangoFueraAnexo", c."ZonaDireccionSegunMunicipio"
      FROM censo AS c
      WHERE c."FarmaciaEstado" = 'Empacado' AND c."FarmaciaEmpacadoAtUtc" IS NOT NULL AND c."FarmaciaEmpacadoAtUtc" > @cutoffEmpacado
info: Microsoft.EntityFrameworkCore.Database.Command[20101]
      Executed DbCommand (145ms) [Parameters=[@cutoffEmpacado='?' (DbType = DateTime)], CommandType='Text', CommandTimeout='30']
      SELECT c."Id", c."AdministracionMedicamentos", c."Aislamiento", c."AltaTardia", c."AmpliacionMotivoRehospitalizacion", c."AplicacionesTotales", c."Area", c."Asegurador", c."AsumirDireccionErrada", c."AutorizacionEvento", c."AuxiliarAsignado", c."AuxiliarAsignadoCateterismo", c."Barrio", c."CambioFrecuenciaAdministracionTto", c."CateterPicc", c."CateterismoOSv", c."ClasificacionRiesgo", c."ClasificacionZonaSura", c."ClinicaHeridas", c."CodigoCie10", c."CorreoElectronico", c."CreatedAtUtc", c."DetalleDireccion", c."DiagnosticoDescriptivo", c."DiasMedicamento2", c."DiasMedicamento3", c."DiasMedicamento4", c."DiasMedicamento5", c."DiasMedicamento6", c."DiasMedicamentoPrincipal", c."DiasTratamientoIv", c."Direccion", c."DireccionValidada", c."DosisMedicamento2", c."DosisMedicamento3", c."DosisMedicamento4", c."DosisMedicamento5", c."DosisMedicamento6", c."DosisMedicamentoPrincipal", c."Edad", c."EsProrroga", c."Estado", c."EstadoDevolucionServicioFarmaceutico", c."EstadoLlamadaBienvenida", c."FarmaciaBolsaDesempacada", c."FarmaciaCantidadEntregas", c."FarmaciaEmpacadoAtUtc", c."FarmaciaEntregaActual", c."FarmaciaEnviadoAtUtc", c."FarmaciaEsEntregaParcial", c."FarmaciaEstado", c."FarmaciaFacturado", c."FarmaciaFechaHoraRecepcionUtc", c."FarmaciaFirmaActualizadaAtUtc", c."FarmaciaFirmaEntregaDataUrl", c."FarmaciaFirmaRecibeDataUrl", c."FarmaciaKardexVistoAtUtc", c."FarmaciaNombreRecibe", c."FarmaciaNotif24hRestanteUtc", c."FarmaciaNotifAuxiliarUltimaUtc", c."FarmaciaOkKardex", c."FarmaciaProrrogaDeId", c."FarmaciaProrrogaVersionId", c."FarmaciaRequisicionVistoAtUtc", c."FechaAlta", c."FechaAltaHospitalizacion", c."FechaFinTratamiento", c."FechaGestionFarmacia", c."FechaIngreso", c."FechaInicioTratamiento", c."FechaMaximaDevolucionProductos", c."FechaNacimiento", c."FechaNovedadDevolucionProductos", c."FechaPrimerSeguimiento24Horas", c."FechaPrimerSeguimientoRehospitalizacion", c."FechaPromesaInicioTto", c."FechaProximoCambioSonda", c."FechaRegistroReporteRehospitalizacion", c."FechaRehospitalizacion", c."FechaRespuesta", c."FechaSegundoSeguimiento48Horas", c."FechaSegundoSeguimientoRehospitalizacion", c."FechaTercerSeguimiento72Horas", c."FechaTercerSeguimientoRehospitalizacion", c."FechaUltimaCuracionPicc", c."FechaUltimoCambioSonda", c."FrecuenciaAdministracionMedicamento2", c."FrecuenciaAdministracionMedicamento3", c."FrecuenciaAdministracionMedicamento4", c."FrecuenciaAdministracionMedicamento5", c."FrecuenciaAdministracionMedicamento6", c."FrecuenciaAdministracionMxPrincipal", c."FrecuenciaAjustada", c."GestionCompletaPendiente", c."HoraGestionFarmacia", c."HoraIngreso", c."HoraPromesaInicioTto", c."HoraRespuesta", c."IndicadorTiempoGestionMinutos", c."IndicadorTiempoRespuestaMinutos", c."IpsIntramuralRehospitalizacion", c."IpsQueRemite", c."KardexCerradoAtUtc", c."KardexCerradoPorFarmaciaId", c."KardexEdicionJson", c."LaboratorioClinicoProcedimiento", c."MedicamentoFrecuenciaAjustada", c."MedidaMedicamento2", c."MedidaMedicamento3", c."MedidaMedicamento4", c."MedidaMedicamento5", c."MedidaMedicamento6", c."MedidaMedicamentoPrincipal", c."MotivoNovedadDevolucionProductos", c."MotivoRehospitalizacion", c."MunicipioResidencia", c."Nebulizaciones", c."NombreMedicamentoNumero2", c."NombreMedicamentoNumero3", c."NombreMedicamentoNumero4", c."NombreMedicamentoNumero5", c."NombreMedicamentoNumero6", c."NombreMedicamentoPrincipalTratante", c."NombrePaciente", c."NombrePerfilGestionaCaso", c."NombreQuienGestionaAlta", c."NombreQuienRealizaSeguimientoAltaTardia", c."NombreRealizaKardex", c."NombreRecepcionaCaso", c."NotificacionAuxiliarDevolucionProductos", c."NumeroCalibreSonda", c."NumeroDiasAutorizado", c."NumeroDosisDiaMedicamentoPrincipal", c."NumeroDosisMedicamento2", c."NumeroDosisMedicamento3", c."NumeroDosisMedicamento4", c."NumeroDosisMedicamento5", c."NumeroDosisMedicamento6", c."NumeroIdentificacion", c."NumeroTelefonoLlamadaBienvenida", c."NutricionEnteral", c."NutricionParenteral", c."ObservacionAltaTardia", c."ObservacionRehospitalizacion", c."ObservacionesPlanManejo", c."PacienteAnticoagulado", c."PacienteGestante", c."PacienteRehospitalizado", c."Programa", c."ProrrogaCerradaAtUtc", c."ProrrogaCerradaPorFarmaciaId", c."ProrrogaJson", c."ProrrogaKardexEdicionJson", c."ProrrogaRequisicionFarmaciaJson", c."RemitidoPorRehospitalizacion", c."RequiereServiciosComplementarios", c."RequisicionFarmaciaJson", c."ResponsableLlamadaBienvenida", c."ServicioComplementario", c."SistemasPresionNegativaVac", c."Telefono1", c."Telefono2", c."Telefono3", c."TipoAislamiento", c."TipoIdentificacion", c."ViaAdministracionMedicamento2", c."ViaAdministracionMedicamento3", c."ViaAdministracionMedicamento4", c."ViaAdministracionMedicamento5", c."ViaAdministracionMedicamento6", c."ViaAdministracionMedicamentoPrincipal", c."VistoBuenoRangoFueraAnexo", c."ZonaDireccionSegunMunicipio"
      FROM censo AS c
      WHERE c."FarmaciaEstado" = 'Empacado' AND c."FarmaciaEmpacadoAtUtc" IS NOT NULL AND c."FarmaciaEmpacadoAtUtc" > @cutoffEmpacado
info: Microsoft.EntityFrameworkCore.Database.Command[20101]
      Executed DbCommand (154ms) [Parameters=[@cutoffEmpacado='?' (DbType = DateTime)], CommandType='Text', CommandTimeout='30']
      SELECT c."Id", c."AdministracionMedicamentos", c."Aislamiento", c."AltaTardia", c."AmpliacionMotivoRehospitalizacion", c."AplicacionesTotales", c."Area", c."Asegurador", c."AsumirDireccionErrada", c."AutorizacionEvento", c."AuxiliarAsignado", c."AuxiliarAsignadoCateterismo", c."Barrio", c."CambioFrecuenciaAdministracionTto", c."CateterPicc", c."CateterismoOSv", c."ClasificacionRiesgo", c."ClasificacionZonaSura", c."ClinicaHeridas", c."CodigoCie10", c."CorreoElectronico", c."CreatedAtUtc", c."DetalleDireccion", c."DiagnosticoDescriptivo", c."DiasMedicamento2", c."DiasMedicamento3", c."DiasMedicamento4", c."DiasMedicamento5", c."DiasMedicamento6", c."DiasMedicamentoPrincipal", c."DiasTratamientoIv", c."Direccion", c."DireccionValidada", c."DosisMedicamento2", c."DosisMedicamento3", c."DosisMedicamento4", c."DosisMedicamento5", c."DosisMedicamento6", c."DosisMedicamentoPrincipal", c."Edad", c."EsProrroga", c."Estado", c."EstadoDevolucionServicioFarmaceutico", c."EstadoLlamadaBienvenida", c."FarmaciaBolsaDesempacada", c."FarmaciaCantidadEntregas", c."FarmaciaEmpacadoAtUtc", c."FarmaciaEntregaActual", c."FarmaciaEnviadoAtUtc", c."FarmaciaEsEntregaParcial", c."FarmaciaEstado", c."FarmaciaFacturado", c."FarmaciaFechaHoraRecepcionUtc", c."FarmaciaFirmaActualizadaAtUtc", c."FarmaciaFirmaEntregaDataUrl", c."FarmaciaFirmaRecibeDataUrl", c."FarmaciaKardexVistoAtUtc", c."FarmaciaNombreRecibe", c."FarmaciaNotif24hRestanteUtc", c."FarmaciaNotifAuxiliarUltimaUtc", c."FarmaciaOkKardex", c."FarmaciaProrrogaDeId", c."FarmaciaProrrogaVersionId", c."FarmaciaRequisicionVistoAtUtc", c."FechaAlta", c."FechaAltaHospitalizacion", c."FechaFinTratamiento", c."FechaGestionFarmacia", c."FechaIngreso", c."FechaInicioTratamiento", c."FechaMaximaDevolucionProductos", c."FechaNacimiento", c."FechaNovedadDevolucionProductos", c."FechaPrimerSeguimiento24Horas", c."FechaPrimerSeguimientoRehospitalizacion", c."FechaPromesaInicioTto", c."FechaProximoCambioSonda", c."FechaRegistroReporteRehospitalizacion", c."FechaRehospitalizacion", c."FechaRespuesta", c."FechaSegundoSeguimiento48Horas", c."FechaSegundoSeguimientoRehospitalizacion", c."FechaTercerSeguimiento72Horas", c."FechaTercerSeguimientoRehospitalizacion", c."FechaUltimaCuracionPicc", c."FechaUltimoCambioSonda", c."FrecuenciaAdministracionMedicamento2", c."FrecuenciaAdministracionMedicamento3", c."FrecuenciaAdministracionMedicamento4", c."FrecuenciaAdministracionMedicamento5", c."FrecuenciaAdministracionMedicamento6", c."FrecuenciaAdministracionMxPrincipal", c."FrecuenciaAjustada", c."GestionCompletaPendiente", c."HoraGestionFarmacia", c."HoraIngreso", c."HoraPromesaInicioTto", c."HoraRespuesta", c."IndicadorTiempoGestionMinutos", c."IndicadorTiempoRespuestaMinutos", c."IpsIntramuralRehospitalizacion", c."IpsQueRemite", c."KardexCerradoAtUtc", c."KardexCerradoPorFarmaciaId", c."KardexEdicionJson", c."LaboratorioClinicoProcedimiento", c."MedicamentoFrecuenciaAjustada", c."MedidaMedicamento2", c."MedidaMedicamento3", c."MedidaMedicamento4", c."MedidaMedicamento5", c."MedidaMedicamento6", c."MedidaMedicamentoPrincipal", c."MotivoNovedadDevolucionProductos", c."MotivoRehospitalizacion", c."MunicipioResidencia", c."Nebulizaciones", c."NombreMedicamentoNumero2", c."NombreMedicamentoNumero3", c."NombreMedicamentoNumero4", c."NombreMedicamentoNumero5", c."NombreMedicamentoNumero6", c."NombreMedicamentoPrincipalTratante", c."NombrePaciente", c."NombrePerfilGestionaCaso", c."NombreQuienGestionaAlta", c."NombreQuienRealizaSeguimientoAltaTardia", c."NombreRealizaKardex", c."NombreRecepcionaCaso", c."NotificacionAuxiliarDevolucionProductos", c."NumeroCalibreSonda", c."NumeroDiasAutorizado", c."NumeroDosisDiaMedicamentoPrincipal", c."NumeroDosisMedicamento2", c."NumeroDosisMedicamento3", c."NumeroDosisMedicamento4", c."NumeroDosisMedicamento5", c."NumeroDosisMedicamento6", c."NumeroIdentificacion", c."NumeroTelefonoLlamadaBienvenida", c."NutricionEnteral", c."NutricionParenteral", c."ObservacionAltaTardia", c."ObservacionRehospitalizacion", c."ObservacionesPlanManejo", c."PacienteAnticoagulado", c."PacienteGestante", c."PacienteRehospitalizado", c."Programa", c."ProrrogaCerradaAtUtc", c."ProrrogaCerradaPorFarmaciaId", c."ProrrogaJson", c."ProrrogaKardexEdicionJson", c."ProrrogaRequisicionFarmaciaJson", c."RemitidoPorRehospitalizacion", c."RequiereServiciosComplementarios", c."RequisicionFarmaciaJson", c."ResponsableLlamadaBienvenida", c."ServicioComplementario", c."SistemasPresionNegativaVac", c."Telefono1", c."Telefono2", c."Telefono3", c."TipoAislamiento", c."TipoIdentificacion", c."ViaAdministracionMedicamento2", c."ViaAdministracionMedicamento3", c."ViaAdministracionMedicamento4", c."ViaAdministracionMedicamento5", c."ViaAdministracionMedicamento6", c."ViaAdministracionMedicamentoPrincipal", c."VistoBuenoRangoFueraAnexo", c."ZonaDireccionSegunMunicipio"
      FROM censo AS c
      WHERE c."FarmaciaEstado" = 'Empacado' AND c."FarmaciaEmpacadoAtUtc" IS NOT NULL AND c."FarmaciaEmpacadoAtUtc" > @cutoffEmpacado
info: Microsoft.EntityFrameworkCore.Database.Command[20101]
      Executed DbCommand (147ms) [Parameters=[@cutoffEmpacado='?' (DbType = DateTime)], CommandType='Text', CommandTimeout='30']
      SELECT c."Id", c."AdministracionMedicamentos", c."Aislamiento", c."AltaTardia", c."AmpliacionMotivoRehospitalizacion", c."AplicacionesTotales", c."Area", c."Asegurador", c."AsumirDireccionErrada", c."AutorizacionEvento", c."AuxiliarAsignado", c."AuxiliarAsignadoCateterismo", c."Barrio", c."CambioFrecuenciaAdministracionTto", c."CateterPicc", c."CateterismoOSv", c."ClasificacionRiesgo", c."ClasificacionZonaSura", c."ClinicaHeridas", c."CodigoCie10", c."CorreoElectronico", c."CreatedAtUtc", c."DetalleDireccion", c."DiagnosticoDescriptivo", c."DiasMedicamento2", c."DiasMedicamento3", c."DiasMedicamento4", c."DiasMedicamento5", c."DiasMedicamento6", c."DiasMedicamentoPrincipal", c."DiasTratamientoIv", c."Direccion", c."DireccionValidada", c."DosisMedicamento2", c."DosisMedicamento3", c."DosisMedicamento4", c."DosisMedicamento5", c."DosisMedicamento6", c."DosisMedicamentoPrincipal", c."Edad", c."EsProrroga", c."Estado", c."EstadoDevolucionServicioFarmaceutico", c."EstadoLlamadaBienvenida", c."FarmaciaBolsaDesempacada", c."FarmaciaCantidadEntregas", c."FarmaciaEmpacadoAtUtc", c."FarmaciaEntregaActual", c."FarmaciaEnviadoAtUtc", c."FarmaciaEsEntregaParcial", c."FarmaciaEstado", c."FarmaciaFacturado", c."FarmaciaFechaHoraRecepcionUtc", c."FarmaciaFirmaActualizadaAtUtc", c."FarmaciaFirmaEntregaDataUrl", c."FarmaciaFirmaRecibeDataUrl", c."FarmaciaKardexVistoAtUtc", c."FarmaciaNombreRecibe", c."FarmaciaNotif24hRestanteUtc", c."FarmaciaNotifAuxiliarUltimaUtc", c."FarmaciaOkKardex", c."FarmaciaProrrogaDeId", c."FarmaciaProrrogaVersionId", c."FarmaciaRequisicionVistoAtUtc", c."FechaAlta", c."FechaAltaHospitalizacion", c."FechaFinTratamiento", c."FechaGestionFarmacia", c."FechaIngreso", c."FechaInicioTratamiento", c."FechaMaximaDevolucionProductos", c."FechaNacimiento", c."FechaNovedadDevolucionProductos", c."FechaPrimerSeguimiento24Horas", c."FechaPrimerSeguimientoRehospitalizacion", c."FechaPromesaInicioTto", c."FechaProximoCambioSonda", c."FechaRegistroReporteRehospitalizacion", c."FechaRehospitalizacion", c."FechaRespuesta", c."FechaSegundoSeguimiento48Horas", c."FechaSegundoSeguimientoRehospitalizacion", c."FechaTercerSeguimiento72Horas", c."FechaTercerSeguimientoRehospitalizacion", c."FechaUltimaCuracionPicc", c."FechaUltimoCambioSonda", c."FrecuenciaAdministracionMedicamento2", c."FrecuenciaAdministracionMedicamento3", c."FrecuenciaAdministracionMedicamento4", c."FrecuenciaAdministracionMedicamento5", c."FrecuenciaAdministracionMedicamento6", c."FrecuenciaAdministracionMxPrincipal", c."FrecuenciaAjustada", c."GestionCompletaPendiente", c."HoraGestionFarmacia", c."HoraIngreso", c."HoraPromesaInicioTto", c."HoraRespuesta", c."IndicadorTiempoGestionMinutos", c."IndicadorTiempoRespuestaMinutos", c."IpsIntramuralRehospitalizacion", c."IpsQueRemite", c."KardexCerradoAtUtc", c."KardexCerradoPorFarmaciaId", c."KardexEdicionJson", c."LaboratorioClinicoProcedimiento", c."MedicamentoFrecuenciaAjustada", c."MedidaMedicamento2", c."MedidaMedicamento3", c."MedidaMedicamento4", c."MedidaMedicamento5", c."MedidaMedicamento6", c."MedidaMedicamentoPrincipal", c."MotivoNovedadDevolucionProductos", c."MotivoRehospitalizacion", c."MunicipioResidencia", c."Nebulizaciones", c."NombreMedicamentoNumero2", c."NombreMedicamentoNumero3", c."NombreMedicamentoNumero4", c."NombreMedicamentoNumero5", c."NombreMedicamentoNumero6", c."NombreMedicamentoPrincipalTratante", c."NombrePaciente", c."NombrePerfilGestionaCaso", c."NombreQuienGestionaAlta", c."NombreQuienRealizaSeguimientoAltaTardia", c."NombreRealizaKardex", c."NombreRecepcionaCaso", c."NotificacionAuxiliarDevolucionProductos", c."NumeroCalibreSonda", c."NumeroDiasAutorizado", c."NumeroDosisDiaMedicamentoPrincipal", c."NumeroDosisMedicamento2", c."NumeroDosisMedicamento3", c."NumeroDosisMedicamento4", c."NumeroDosisMedicamento5", c."NumeroDosisMedicamento6", c."NumeroIdentificacion", c."NumeroTelefonoLlamadaBienvenida", c."NutricionEnteral", c."NutricionParenteral", c."ObservacionAltaTardia", c."ObservacionRehospitalizacion", c."ObservacionesPlanManejo", c."PacienteAnticoagulado", c."PacienteGestante", c."PacienteRehospitalizado", c."Programa", c."ProrrogaCerradaAtUtc", c."ProrrogaCerradaPorFarmaciaId", c."ProrrogaJson", c."ProrrogaKardexEdicionJson", c."ProrrogaRequisicionFarmaciaJson", c."RemitidoPorRehospitalizacion", c."RequiereServiciosComplementarios", c."RequisicionFarmaciaJson", c."ResponsableLlamadaBienvenida", c."ServicioComplementario", c."SistemasPresionNegativaVac", c."Telefono1", c."Telefono2", c."Telefono3", c."TipoAislamiento", c."TipoIdentificacion", c."ViaAdministracionMedicamento2", c."ViaAdministracionMedicamento3", c."ViaAdministracionMedicamento4", c."ViaAdministracionMedicamento5", c."ViaAdministracionMedicamento6", c."ViaAdministracionMedicamentoPrincipal", c."VistoBuenoRangoFueraAnexo", c."ZonaDireccionSegunMunicipio"
      FROM censo AS c
      WHERE c."FarmaciaEstado" = 'Empacado' AND c."FarmaciaEmpacadoAtUtc" IS NOT NULL AND c."FarmaciaEmpacadoAtUtc" > @cutoffEmpacado
info: Microsoft.EntityFrameworkCore.Database.Command[20101]
      Executed DbCommand (149ms) [Parameters=[@cutoffEmpacado='?' (DbType = DateTime)], CommandType='Text', CommandTimeout='30']
      SELECT c."Id", c."AdministracionMedicamentos", c."Aislamiento", c."AltaTardia", c."AmpliacionMotivoRehospitalizacion", c."AplicacionesTotales", c."Area", c."Asegurador", c."AsumirDireccionErrada", c."AutorizacionEvento", c."AuxiliarAsignado", c."AuxiliarAsignadoCateterismo", c."Barrio", c."CambioFrecuenciaAdministracionTto", c."CateterPicc", c."CateterismoOSv", c."ClasificacionRiesgo", c."ClasificacionZonaSura", c."ClinicaHeridas", c."CodigoCie10", c."CorreoElectronico", c."CreatedAtUtc", c."DetalleDireccion", c."DiagnosticoDescriptivo", c."DiasMedicamento2", c."DiasMedicamento3", c."DiasMedicamento4", c."DiasMedicamento5", c."DiasMedicamento6", c."DiasMedicamentoPrincipal", c."DiasTratamientoIv", c."Direccion", c."DireccionValidada", c."DosisMedicamento2", c."DosisMedicamento3", c."DosisMedicamento4", c."DosisMedicamento5", c."DosisMedicamento6", c."DosisMedicamentoPrincipal", c."Edad", c."EsProrroga", c."Estado", c."EstadoDevolucionServicioFarmaceutico", c."EstadoLlamadaBienvenida", c."FarmaciaBolsaDesempacada", c."FarmaciaCantidadEntregas", c."FarmaciaEmpacadoAtUtc", c."FarmaciaEntregaActual", c."FarmaciaEnviadoAtUtc", c."FarmaciaEsEntregaParcial", c."FarmaciaEstado", c."FarmaciaFacturado", c."FarmaciaFechaHoraRecepcionUtc", c."FarmaciaFirmaActualizadaAtUtc", c."FarmaciaFirmaEntregaDataUrl", c."FarmaciaFirmaRecibeDataUrl", c."FarmaciaKardexVistoAtUtc", c."FarmaciaNombreRecibe", c."FarmaciaNotif24hRestanteUtc", c."FarmaciaNotifAuxiliarUltimaUtc", c."FarmaciaOkKardex", c."FarmaciaProrrogaDeId", c."FarmaciaProrrogaVersionId", c."FarmaciaRequisicionVistoAtUtc", c."FechaAlta", c."FechaAltaHospitalizacion", c."FechaFinTratamiento", c."FechaGestionFarmacia", c."FechaIngreso", c."FechaInicioTratamiento", c."FechaMaximaDevolucionProductos", c."FechaNacimiento", c."FechaNovedadDevolucionProductos", c."FechaPrimerSeguimiento24Horas", c."FechaPrimerSeguimientoRehospitalizacion", c."FechaPromesaInicioTto", c."FechaProximoCambioSonda", c."FechaRegistroReporteRehospitalizacion", c."FechaRehospitalizacion", c."FechaRespuesta", c."FechaSegundoSeguimiento48Horas", c."FechaSegundoSeguimientoRehospitalizacion", c."FechaTercerSeguimiento72Horas", c."FechaTercerSeguimientoRehospitalizacion", c."FechaUltimaCuracionPicc", c."FechaUltimoCambioSonda", c."FrecuenciaAdministracionMedicamento2", c."FrecuenciaAdministracionMedicamento3", c."FrecuenciaAdministracionMedicamento4", c."FrecuenciaAdministracionMedicamento5", c."FrecuenciaAdministracionMedicamento6", c."FrecuenciaAdministracionMxPrincipal", c."FrecuenciaAjustada", c."GestionCompletaPendiente", c."HoraGestionFarmacia", c."HoraIngreso", c."HoraPromesaInicioTto", c."HoraRespuesta", c."IndicadorTiempoGestionMinutos", c."IndicadorTiempoRespuestaMinutos", c."IpsIntramuralRehospitalizacion", c."IpsQueRemite", c."KardexCerradoAtUtc", c."KardexCerradoPorFarmaciaId", c."KardexEdicionJson", c."LaboratorioClinicoProcedimiento", c."MedicamentoFrecuenciaAjustada", c."MedidaMedicamento2", c."MedidaMedicamento3", c."MedidaMedicamento4", c."MedidaMedicamento5", c."MedidaMedicamento6", c."MedidaMedicamentoPrincipal", c."MotivoNovedadDevolucionProductos", c."MotivoRehospitalizacion", c."MunicipioResidencia", c."Nebulizaciones", c."NombreMedicamentoNumero2", c."NombreMedicamentoNumero3", c."NombreMedicamentoNumero4", c."NombreMedicamentoNumero5", c."NombreMedicamentoNumero6", c."NombreMedicamentoPrincipalTratante", c."NombrePaciente", c."NombrePerfilGestionaCaso", c."NombreQuienGestionaAlta", c."NombreQuienRealizaSeguimientoAltaTardia", c."NombreRealizaKardex", c."NombreRecepcionaCaso", c."NotificacionAuxiliarDevolucionProductos", c."NumeroCalibreSonda", c."NumeroDiasAutorizado", c."NumeroDosisDiaMedicamentoPrincipal", c."NumeroDosisMedicamento2", c."NumeroDosisMedicamento3", c."NumeroDosisMedicamento4", c."NumeroDosisMedicamento5", c."NumeroDosisMedicamento6", c."NumeroIdentificacion", c."NumeroTelefonoLlamadaBienvenida", c."NutricionEnteral", c."NutricionParenteral", c."ObservacionAltaTardia", c."ObservacionRehospitalizacion", c."ObservacionesPlanManejo", c."PacienteAnticoagulado", c."PacienteGestante", c."PacienteRehospitalizado", c."Programa", c."ProrrogaCerradaAtUtc", c."ProrrogaCerradaPorFarmaciaId", c."ProrrogaJson", c."ProrrogaKardexEdicionJson", c."ProrrogaRequisicionFarmaciaJson", c."RemitidoPorRehospitalizacion", c."RequiereServiciosComplementarios", c."RequisicionFarmaciaJson", c."ResponsableLlamadaBienvenida", c."ServicioComplementario", c."SistemasPresionNegativaVac", c."Telefono1", c."Telefono2", c."Telefono3", c."TipoAislamiento", c."TipoIdentificacion", c."ViaAdministracionMedicamento2", c."ViaAdministracionMedicamento3", c."ViaAdministracionMedicamento4", c."ViaAdministracionMedicamento5", c."ViaAdministracionMedicamento6", c."ViaAdministracionMedicamentoPrincipal", c."VistoBuenoRangoFueraAnexo", c."ZonaDireccionSegunMunicipio"
      FROM censo AS c
      WHERE c."FarmaciaEstado" = 'Empacado' AND c."FarmaciaEmpacadoAtUtc" IS NOT NULL AND c."FarmaciaEmpacadoAtUtc" > @cutoffEmpacado
info: Microsoft.EntityFrameworkCore.Database.Command[20101]
      Executed DbCommand (146ms) [Parameters=[@cutoffEmpacado='?' (DbType = DateTime)], CommandType='Text', CommandTimeout='30']
      SELECT c."Id", c."AdministracionMedicamentos", c."Aislamiento", c."AltaTardia", c."AmpliacionMotivoRehospitalizacion", c."AplicacionesTotales", c."Area", c."Asegurador", c."AsumirDireccionErrada", c."AutorizacionEvento", c."AuxiliarAsignado", c."AuxiliarAsignadoCateterismo", c."Barrio", c."CambioFrecuenciaAdministracionTto", c."CateterPicc", c."CateterismoOSv", c."ClasificacionRiesgo", c."ClasificacionZonaSura", c."ClinicaHeridas", c."CodigoCie10", c."CorreoElectronico", c."CreatedAtUtc", c."DetalleDireccion", c."DiagnosticoDescriptivo", c."DiasMedicamento2", c."DiasMedicamento3", c."DiasMedicamento4", c."DiasMedicamento5", c."DiasMedicamento6", c."DiasMedicamentoPrincipal", c."DiasTratamientoIv", c."Direccion", c."DireccionValidada", c."DosisMedicamento2", c."DosisMedicamento3", c."DosisMedicamento4", c."DosisMedicamento5", c."DosisMedicamento6", c."DosisMedicamentoPrincipal", c."Edad", c."EsProrroga", c."Estado", c."EstadoDevolucionServicioFarmaceutico", c."EstadoLlamadaBienvenida", c."FarmaciaBolsaDesempacada", c."FarmaciaCantidadEntregas", c."FarmaciaEmpacadoAtUtc", c."FarmaciaEntregaActual", c."FarmaciaEnviadoAtUtc", c."FarmaciaEsEntregaParcial", c."FarmaciaEstado", c."FarmaciaFacturado", c."FarmaciaFechaHoraRecepcionUtc", c."FarmaciaFirmaActualizadaAtUtc", c."FarmaciaFirmaEntregaDataUrl", c."FarmaciaFirmaRecibeDataUrl", c."FarmaciaKardexVistoAtUtc", c."FarmaciaNombreRecibe", c."FarmaciaNotif24hRestanteUtc", c."FarmaciaNotifAuxiliarUltimaUtc", c."FarmaciaOkKardex", c."FarmaciaProrrogaDeId", c."FarmaciaProrrogaVersionId", c."FarmaciaRequisicionVistoAtUtc", c."FechaAlta", c."FechaAltaHospitalizacion", c."FechaFinTratamiento", c."FechaGestionFarmacia", c."FechaIngreso", c."FechaInicioTratamiento", c."FechaMaximaDevolucionProductos", c."FechaNacimiento", c."FechaNovedadDevolucionProductos", c."FechaPrimerSeguimiento24Horas", c."FechaPrimerSeguimientoRehospitalizacion", c."FechaPromesaInicioTto", c."FechaProximoCambioSonda", c."FechaRegistroReporteRehospitalizacion", c."FechaRehospitalizacion", c."FechaRespuesta", c."FechaSegundoSeguimiento48Horas", c."FechaSegundoSeguimientoRehospitalizacion", c."FechaTercerSeguimiento72Horas", c."FechaTercerSeguimientoRehospitalizacion", c."FechaUltimaCuracionPicc", c."FechaUltimoCambioSonda", c."FrecuenciaAdministracionMedicamento2", c."FrecuenciaAdministracionMedicamento3", c."FrecuenciaAdministracionMedicamento4", c."FrecuenciaAdministracionMedicamento5", c."FrecuenciaAdministracionMedicamento6", c."FrecuenciaAdministracionMxPrincipal", c."FrecuenciaAjustada", c."GestionCompletaPendiente", c."HoraGestionFarmacia", c."HoraIngreso", c."HoraPromesaInicioTto", c."HoraRespuesta", c."IndicadorTiempoGestionMinutos", c."IndicadorTiempoRespuestaMinutos", c."IpsIntramuralRehospitalizacion", c."IpsQueRemite", c."KardexCerradoAtUtc", c."KardexCerradoPorFarmaciaId", c."KardexEdicionJson", c."LaboratorioClinicoProcedimiento", c."MedicamentoFrecuenciaAjustada", c."MedidaMedicamento2", c."MedidaMedicamento3", c."MedidaMedicamento4", c."MedidaMedicamento5", c."MedidaMedicamento6", c."MedidaMedicamentoPrincipal", c."MotivoNovedadDevolucionProductos", c."MotivoRehospitalizacion", c."MunicipioResidencia", c."Nebulizaciones", c."NombreMedicamentoNumero2", c."NombreMedicamentoNumero3", c."NombreMedicamentoNumero4", c."NombreMedicamentoNumero5", c."NombreMedicamentoNumero6", c."NombreMedicamentoPrincipalTratante", c."NombrePaciente", c."NombrePerfilGestionaCaso", c."NombreQuienGestionaAlta", c."NombreQuienRealizaSeguimientoAltaTardia", c."NombreRealizaKardex", c."NombreRecepcionaCaso", c."NotificacionAuxiliarDevolucionProductos", c."NumeroCalibreSonda", c."NumeroDiasAutorizado", c."NumeroDosisDiaMedicamentoPrincipal", c."NumeroDosisMedicamento2", c."NumeroDosisMedicamento3", c."NumeroDosisMedicamento4", c."NumeroDosisMedicamento5", c."NumeroDosisMedicamento6", c."NumeroIdentificacion", c."NumeroTelefonoLlamadaBienvenida", c."NutricionEnteral", c."NutricionParenteral", c."ObservacionAltaTardia", c."ObservacionRehospitalizacion", c."ObservacionesPlanManejo", c."PacienteAnticoagulado", c."PacienteGestante", c."PacienteRehospitalizado", c."Programa", c."ProrrogaCerradaAtUtc", c."ProrrogaCerradaPorFarmaciaId", c."ProrrogaJson", c."ProrrogaKardexEdicionJson", c."ProrrogaRequisicionFarmaciaJson", c."RemitidoPorRehospitalizacion", c."RequiereServiciosComplementarios", c."RequisicionFarmaciaJson", c."ResponsableLlamadaBienvenida", c."ServicioComplementario", c."SistemasPresionNegativaVac", c."Telefono1", c."Telefono2", c."Telefono3", c."TipoAislamiento", c."TipoIdentificacion", c."ViaAdministracionMedicamento2", c."ViaAdministracionMedicamento3", c."ViaAdministracionMedicamento4", c."ViaAdministracionMedicamento5", c."ViaAdministracionMedicamento6", c."ViaAdministracionMedicamentoPrincipal", c."VistoBuenoRangoFueraAnexo", c."ZonaDireccionSegunMunicipio"
      FROM censo AS c
      WHERE c."FarmaciaEstado" = 'Empacado' AND c."FarmaciaEmpacadoAtUtc" IS NOT NULL AND c."FarmaciaEmpacadoAtUtc" > @cutoffEmpacado
info: Microsoft.EntityFrameworkCore.Database.Command[20101]
      Executed DbCommand (122ms) [Parameters=[@normalizedUsername='?'], CommandType='Text', CommandTimeout='30']
      SELECT u2."Id", u2."CreatedAtUtc", u2."Email", u2."FirstName", u2."FullName", u2."IsActive", u2."LastLoginAtUtc", u2."LastName1", u2."LastName2", u2."NationalId", u2."NormalizedEmail", u2."NormalizedNationalId", u2."NormalizedUsername", u2."PasswordHash", u2."Username", s0."UserId", s0."RoleId", s0."Id", s0."Description", s0."Name", s0."NormalizedName", s0."RoleId0", s0."PermissionId", s0."Id0", s0."Code", s0."Description0", s1."UserId", s1."PermissionId", s1."GrantedAtUtc", s1."Id", s1."Code", s1."Description"
      FROM (
          SELECT u."Id", u."CreatedAtUtc", u."Email", u."FirstName", u."FullName", u."IsActive", u."LastLoginAtUtc", u."LastName1", u."LastName2", u."NationalId", u."NormalizedEmail", u."NormalizedNationalId", u."NormalizedUsername", u."PasswordHash", u."Username"
          FROM "Users" AS u
          WHERE u."NormalizedUsername" = @normalizedUsername
          LIMIT 1
      ) AS u2
      LEFT JOIN (
          SELECT u0."UserId", u0."RoleId", r."Id", r."Description", r."Name", r."NormalizedName", s."RoleId" AS "RoleId0", s."PermissionId", s."Id" AS "Id0", s."Code", s."Description" AS "Description0"
          FROM "UserRoles" AS u0
          INNER JOIN "Roles" AS r ON u0."RoleId" = r."Id"
          LEFT JOIN (
              SELECT r0."RoleId", r0."PermissionId", p."Id", p."Code", p."Description"
              FROM "RolePermissions" AS r0
              INNER JOIN "Permissions" AS p ON r0."PermissionId" = p."Id"
          ) AS s ON r."Id" = s."RoleId"
      ) AS s0 ON u2."Id" = s0."UserId"
      LEFT JOIN (
          SELECT u1."UserId", u1."PermissionId", u1."GrantedAtUtc", p0."Id", p0."Code", p0."Description"
          FROM "UserPermissions" AS u1
          INNER JOIN "Permissions" AS p0 ON u1."PermissionId" = p0."Id"
      ) AS s1 ON u2."Id" = s1."UserId"
      ORDER BY u2."Id", s0."UserId", s0."RoleId", s0."Id", s0."RoleId0", s0."PermissionId", s0."Id0", s1."UserId", s1."PermissionId"
info: Microsoft.EntityFrameworkCore.Database.Command[20101]
      Executed DbCommand (108ms) [Parameters=[@p14='?' (DbType = Guid), @p0='?' (DbType = DateTime), @p1='?', @p2='?', @p3='?', @p4='?' (DbType = Boolean), @p5='?' (DbType = DateTime), @p6='?', @p7='?', @p8='?', @p9='?', @p10='?', @p11='?', @p12='?', @p13='?'], CommandType='Text', CommandTimeout='30']
      UPDATE "Users" SET "CreatedAtUtc" = @p0, "Email" = @p1, "FirstName" = @p2, "FullName" = @p3, "IsActive" = @p4, "LastLoginAtUtc" = @p5, "LastName1" = @p6, "LastName2" = @p7, "NationalId" = @p8, "NormalizedEmail" = @p9, "NormalizedNationalId" = @p10, "NormalizedUsername" = @p11, "PasswordHash" = @p12, "Username" = @p13
      WHERE "Id" = @p14;
info: Microsoft.EntityFrameworkCore.Database.Command[20101]
      Executed DbCommand (111ms) [Parameters=[@p0='?', @p1='?', @p2='?', @p3='?', @p4='?' (DbType = DateTime), @p5='?' (DbType = Guid)], CommandType='Text', CommandTimeout='30']
      INSERT INTO "AuditLogs" ("Action", "Details", "Entity", "IpAddress", "PerformedAtUtc", "PerformedByUserId")
      VALUES (@p0, @p1, @p2, @p3, @p4, @p5)
      RETURNING "Id";
info: Microsoft.EntityFrameworkCore.Database.Command[20101]
      Executed DbCommand (104ms) [Parameters=[@userId='?' (DbType = Guid)], CommandType='Text', CommandTimeout='30']
      SELECT EXISTS (
          SELECT 1
          FROM "Users" AS u
          WHERE u."Id" = @userId AND u."IsActive")
info: Microsoft.EntityFrameworkCore.Database.Command[20101]
      Executed DbCommand (106ms) [Parameters=[@userId='?' (DbType = Guid)], CommandType='Text', CommandTimeout='30']
      SELECT p."Code"
      FROM "UserPermissions" AS u
      INNER JOIN "Permissions" AS p ON u."PermissionId" = p."Id"
      WHERE u."UserId" = @userId
info: Microsoft.EntityFrameworkCore.Database.Command[20101]
      Executed DbCommand (105ms) [Parameters=[@userId='?' (DbType = Guid)], CommandType='Text', CommandTimeout='30']
      SELECT EXISTS (
          SELECT 1
          FROM "Users" AS u
          WHERE u."Id" = @userId AND u."IsActive")
info: Microsoft.EntityFrameworkCore.Database.Command[20101]
      Executed DbCommand (104ms) [Parameters=[@userId='?' (DbType = Guid)], CommandType='Text', CommandTimeout='30']
      SELECT p."Code"
      FROM "UserPermissions" AS u
      INNER JOIN "Permissions" AS p ON u."PermissionId" = p."Id"
      WHERE u."UserId" = @userId
info: Microsoft.EntityFrameworkCore.Database.Command[20101]
      Executed DbCommand (119ms) [Parameters=[@filters_Desde_Value_Date='?' (DbType = Date), @filters_Hasta_Value_Date='?' (DbType = Date)], CommandType='Text', CommandTimeout='30']
      SELECT c."Id", c."FechaIngreso", c."NombrePaciente", c."TipoIdentificacion", c."NumeroIdentificacion", c."NombreRealizaKardex", c."AuxiliarAsignado", c."MunicipioResidencia", c."Estado", c."AutorizacionEvento", c."GestionCompletaPendiente", c."CreatedAtUtc"
      FROM censo AS c
      WHERE (c."Estado" IS NULL OR (c."Estado" NOT ILIKE '%cancelado%' AND c."Estado" NOT ILIKE '%rechazado%')) AND c."FechaIngreso" >= @filters_Desde_Value_Date AND c."FechaIngreso" <= @filters_Hasta_Value_Date
info: Microsoft.EntityFrameworkCore.Database.Command[20101]
      Executed DbCommand (106ms) [Parameters=[], CommandType='Text', CommandTimeout='30']
      SELECT c0."MunicipioResidencia"
      FROM (
          SELECT DISTINCT c."MunicipioResidencia"
          FROM censo AS c
          WHERE c."MunicipioResidencia" <> ''
      ) AS c0
      ORDER BY c0."MunicipioResidencia"
info: Microsoft.EntityFrameworkCore.Database.Command[20101]
      Executed DbCommand (106ms) [Parameters=[], CommandType='Text', CommandTimeout='30']
      SELECT c0."Estado"
      FROM (
          SELECT DISTINCT c."Estado"
          FROM censo AS c
          WHERE (c."Estado" IS NULL OR (c."Estado" NOT ILIKE '%cancelado%' AND c."Estado" NOT ILIKE '%rechazado%')) AND c."Estado" IS NOT NULL AND c."Estado" <> ''
      ) AS c0
      ORDER BY c0."Estado"
info: Microsoft.EntityFrameworkCore.Database.Command[20101]
      Executed DbCommand (110ms) [Parameters=[], CommandType='Text', CommandTimeout='30']
      SELECT c."AuxiliarAsignado", c."NombreRealizaKardex"
      FROM censo AS c
info: Microsoft.EntityFrameworkCore.Database.Command[20101]
      Executed DbCommand (119ms) [Parameters=[@cutoffEmpacado='?' (DbType = DateTime)], CommandType='Text', CommandTimeout='30']
      SELECT c."Id", c."AdministracionMedicamentos", c."Aislamiento", c."AltaTardia", c."AmpliacionMotivoRehospitalizacion", c."AplicacionesTotales", c."Area", c."Asegurador", c."AsumirDireccionErrada", c."AutorizacionEvento", c."AuxiliarAsignado", c."AuxiliarAsignadoCateterismo", c."Barrio", c."CambioFrecuenciaAdministracionTto", c."CateterPicc", c."CateterismoOSv", c."ClasificacionRiesgo", c."ClasificacionZonaSura", c."ClinicaHeridas", c."CodigoCie10", c."CorreoElectronico", c."CreatedAtUtc", c."DetalleDireccion", c."DiagnosticoDescriptivo", c."DiasMedicamento2", c."DiasMedicamento3", c."DiasMedicamento4", c."DiasMedicamento5", c."DiasMedicamento6", c."DiasMedicamentoPrincipal", c."DiasTratamientoIv", c."Direccion", c."DireccionValidada", c."DosisMedicamento2", c."DosisMedicamento3", c."DosisMedicamento4", c."DosisMedicamento5", c."DosisMedicamento6", c."DosisMedicamentoPrincipal", c."Edad", c."EsProrroga", c."Estado", c."EstadoDevolucionServicioFarmaceutico", c."EstadoLlamadaBienvenida", c."FarmaciaBolsaDesempacada", c."FarmaciaCantidadEntregas", c."FarmaciaEmpacadoAtUtc", c."FarmaciaEntregaActual", c."FarmaciaEnviadoAtUtc", c."FarmaciaEsEntregaParcial", c."FarmaciaEstado", c."FarmaciaFacturado", c."FarmaciaFechaHoraRecepcionUtc", c."FarmaciaFirmaActualizadaAtUtc", c."FarmaciaFirmaEntregaDataUrl", c."FarmaciaFirmaRecibeDataUrl", c."FarmaciaKardexVistoAtUtc", c."FarmaciaNombreRecibe", c."FarmaciaNotif24hRestanteUtc", c."FarmaciaNotifAuxiliarUltimaUtc", c."FarmaciaOkKardex", c."FarmaciaProrrogaDeId", c."FarmaciaProrrogaVersionId", c."FarmaciaRequisicionVistoAtUtc", c."FechaAlta", c."FechaAltaHospitalizacion", c."FechaFinTratamiento", c."FechaGestionFarmacia", c."FechaIngreso", c."FechaInicioTratamiento", c."FechaMaximaDevolucionProductos", c."FechaNacimiento", c."FechaNovedadDevolucionProductos", c."FechaPrimerSeguimiento24Horas", c."FechaPrimerSeguimientoRehospitalizacion", c."FechaPromesaInicioTto", c."FechaProximoCambioSonda", c."FechaRegistroReporteRehospitalizacion", c."FechaRehospitalizacion", c."FechaRespuesta", c."FechaSegundoSeguimiento48Horas", c."FechaSegundoSeguimientoRehospitalizacion", c."FechaTercerSeguimiento72Horas", c."FechaTercerSeguimientoRehospitalizacion", c."FechaUltimaCuracionPicc", c."FechaUltimoCambioSonda", c."FrecuenciaAdministracionMedicamento2", c."FrecuenciaAdministracionMedicamento3", c."FrecuenciaAdministracionMedicamento4", c."FrecuenciaAdministracionMedicamento5", c."FrecuenciaAdministracionMedicamento6", c."FrecuenciaAdministracionMxPrincipal", c."FrecuenciaAjustada", c."GestionCompletaPendiente", c."HoraGestionFarmacia", c."HoraIngreso", c."HoraPromesaInicioTto", c."HoraRespuesta", c."IndicadorTiempoGestionMinutos", c."IndicadorTiempoRespuestaMinutos", c."IpsIntramuralRehospitalizacion", c."IpsQueRemite", c."KardexCerradoAtUtc", c."KardexCerradoPorFarmaciaId", c."KardexEdicionJson", c."LaboratorioClinicoProcedimiento", c."MedicamentoFrecuenciaAjustada", c."MedidaMedicamento2", c."MedidaMedicamento3", c."MedidaMedicamento4", c."MedidaMedicamento5", c."MedidaMedicamento6", c."MedidaMedicamentoPrincipal", c."MotivoNovedadDevolucionProductos", c."MotivoRehospitalizacion", c."MunicipioResidencia", c."Nebulizaciones", c."NombreMedicamentoNumero2", c."NombreMedicamentoNumero3", c."NombreMedicamentoNumero4", c."NombreMedicamentoNumero5", c."NombreMedicamentoNumero6", c."NombreMedicamentoPrincipalTratante", c."NombrePaciente", c."NombrePerfilGestionaCaso", c."NombreQuienGestionaAlta", c."NombreQuienRealizaSeguimientoAltaTardia", c."NombreRealizaKardex", c."NombreRecepcionaCaso", c."NotificacionAuxiliarDevolucionProductos", c."NumeroCalibreSonda", c."NumeroDiasAutorizado", c."NumeroDosisDiaMedicamentoPrincipal", c."NumeroDosisMedicamento2", c."NumeroDosisMedicamento3", c."NumeroDosisMedicamento4", c."NumeroDosisMedicamento5", c."NumeroDosisMedicamento6", c."NumeroIdentificacion", c."NumeroTelefonoLlamadaBienvenida", c."NutricionEnteral", c."NutricionParenteral", c."ObservacionAltaTardia", c."ObservacionRehospitalizacion", c."ObservacionesPlanManejo", c."PacienteAnticoagulado", c."PacienteGestante", c."PacienteRehospitalizado", c."Programa", c."ProrrogaCerradaAtUtc", c."ProrrogaCerradaPorFarmaciaId", c."ProrrogaJson", c."ProrrogaKardexEdicionJson", c."ProrrogaRequisicionFarmaciaJson", c."RemitidoPorRehospitalizacion", c."RequiereServiciosComplementarios", c."RequisicionFarmaciaJson", c."ResponsableLlamadaBienvenida", c."ServicioComplementario", c."SistemasPresionNegativaVac", c."Telefono1", c."Telefono2", c."Telefono3", c."TipoAislamiento", c."TipoIdentificacion", c."ViaAdministracionMedicamento2", c."ViaAdministracionMedicamento3", c."ViaAdministracionMedicamento4", c."ViaAdministracionMedicamento5", c."ViaAdministracionMedicamento6", c."ViaAdministracionMedicamentoPrincipal", c."VistoBuenoRangoFueraAnexo", c."ZonaDireccionSegunMunicipio"
      FROM censo AS c
      WHERE c."FarmaciaEstado" = 'Empacado' AND c."FarmaciaEmpacadoAtUtc" IS NOT NULL AND c."FarmaciaEmpacadoAtUtc" > @cutoffEmpacado
info: Microsoft.EntityFrameworkCore.Database.Command[20101]
      Executed DbCommand (103ms) [Parameters=[@userId='?' (DbType = Guid)], CommandType='Text', CommandTimeout='30']
      SELECT EXISTS (
          SELECT 1
          FROM "Users" AS u
          WHERE u."Id" = @userId AND u."IsActive")
info: Microsoft.EntityFrameworkCore.Database.Command[20101]
      Executed DbCommand (104ms) [Parameters=[@userId='?' (DbType = Guid)], CommandType='Text', CommandTimeout='30']
      SELECT p."Code"
      FROM "UserPermissions" AS u
      INNER JOIN "Permissions" AS p ON u."PermissionId" = p."Id"
      WHERE u."UserId" = @userId
info: Microsoft.EntityFrameworkCore.Database.Command[20101]
      Executed DbCommand (129ms) [Parameters=[@filters_Desde_Value_Date='?' (DbType = Date), @filters_Hasta_Value_Date='?' (DbType = Date)], CommandType='Text', CommandTimeout='30']
      SELECT c."Id", c."FechaIngreso", c."NombrePaciente", c."TipoIdentificacion", c."NumeroIdentificacion", c."NombreRealizaKardex", c."AuxiliarAsignado", c."MunicipioResidencia", c."Estado", c."AutorizacionEvento", c."GestionCompletaPendiente", c."CreatedAtUtc"
      FROM censo AS c
      WHERE (c."Estado" IS NULL OR (c."Estado" NOT ILIKE '%cancelado%' AND c."Estado" NOT ILIKE '%rechazado%')) AND c."FechaIngreso" >= @filters_Desde_Value_Date AND c."FechaIngreso" <= @filters_Hasta_Value_Date
info: Microsoft.EntityFrameworkCore.Database.Command[20101]
      Executed DbCommand (108ms) [Parameters=[], CommandType='Text', CommandTimeout='30']
      SELECT c0."MunicipioResidencia"
      FROM (
          SELECT DISTINCT c."MunicipioResidencia"
          FROM censo AS c
          WHERE c."MunicipioResidencia" <> ''
      ) AS c0
      ORDER BY c0."MunicipioResidencia"
info: Microsoft.EntityFrameworkCore.Database.Command[20101]
      Executed DbCommand (104ms) [Parameters=[], CommandType='Text', CommandTimeout='30']
      SELECT c0."Estado"
      FROM (
          SELECT DISTINCT c."Estado"
          FROM censo AS c
          WHERE (c."Estado" IS NULL OR (c."Estado" NOT ILIKE '%cancelado%' AND c."Estado" NOT ILIKE '%rechazado%')) AND c."Estado" IS NOT NULL AND c."Estado" <> ''
      ) AS c0
      ORDER BY c0."Estado"
info: Microsoft.EntityFrameworkCore.Database.Command[20101]
      Executed DbCommand (109ms) [Parameters=[], CommandType='Text', CommandTimeout='30']
      SELECT c."AuxiliarAsignado", c."NombreRealizaKardex"
      FROM censo AS c
info: Microsoft.EntityFrameworkCore.Database.Command[20101]
      Executed DbCommand (142ms) [Parameters=[@cutoffEmpacado='?' (DbType = DateTime)], CommandType='Text', CommandTimeout='30']
      SELECT c."Id", c."AdministracionMedicamentos", c."Aislamiento", c."AltaTardia", c."AmpliacionMotivoRehospitalizacion", c."AplicacionesTotales", c."Area", c."Asegurador", c."AsumirDireccionErrada", c."AutorizacionEvento", c."AuxiliarAsignado", c."AuxiliarAsignadoCateterismo", c."Barrio", c."CambioFrecuenciaAdministracionTto", c."CateterPicc", c."CateterismoOSv", c."ClasificacionRiesgo", c."ClasificacionZonaSura", c."ClinicaHeridas", c."CodigoCie10", c."CorreoElectronico", c."CreatedAtUtc", c."DetalleDireccion", c."DiagnosticoDescriptivo", c."DiasMedicamento2", c."DiasMedicamento3", c."DiasMedicamento4", c."DiasMedicamento5", c."DiasMedicamento6", c."DiasMedicamentoPrincipal", c."DiasTratamientoIv", c."Direccion", c."DireccionValidada", c."DosisMedicamento2", c."DosisMedicamento3", c."DosisMedicamento4", c."DosisMedicamento5", c."DosisMedicamento6", c."DosisMedicamentoPrincipal", c."Edad", c."EsProrroga", c."Estado", c."EstadoDevolucionServicioFarmaceutico", c."EstadoLlamadaBienvenida", c."FarmaciaBolsaDesempacada", c."FarmaciaCantidadEntregas", c."FarmaciaEmpacadoAtUtc", c."FarmaciaEntregaActual", c."FarmaciaEnviadoAtUtc", c."FarmaciaEsEntregaParcial", c."FarmaciaEstado", c."FarmaciaFacturado", c."FarmaciaFechaHoraRecepcionUtc", c."FarmaciaFirmaActualizadaAtUtc", c."FarmaciaFirmaEntregaDataUrl", c."FarmaciaFirmaRecibeDataUrl", c."FarmaciaKardexVistoAtUtc", c."FarmaciaNombreRecibe", c."FarmaciaNotif24hRestanteUtc", c."FarmaciaNotifAuxiliarUltimaUtc", c."FarmaciaOkKardex", c."FarmaciaProrrogaDeId", c."FarmaciaProrrogaVersionId", c."FarmaciaRequisicionVistoAtUtc", c."FechaAlta", c."FechaAltaHospitalizacion", c."FechaFinTratamiento", c."FechaGestionFarmacia", c."FechaIngreso", c."FechaInicioTratamiento", c."FechaMaximaDevolucionProductos", c."FechaNacimiento", c."FechaNovedadDevolucionProductos", c."FechaPrimerSeguimiento24Horas", c."FechaPrimerSeguimientoRehospitalizacion", c."FechaPromesaInicioTto", c."FechaProximoCambioSonda", c."FechaRegistroReporteRehospitalizacion", c."FechaRehospitalizacion", c."FechaRespuesta", c."FechaSegundoSeguimiento48Horas", c."FechaSegundoSeguimientoRehospitalizacion", c."FechaTercerSeguimiento72Horas", c."FechaTercerSeguimientoRehospitalizacion", c."FechaUltimaCuracionPicc", c."FechaUltimoCambioSonda", c."FrecuenciaAdministracionMedicamento2", c."FrecuenciaAdministracionMedicamento3", c."FrecuenciaAdministracionMedicamento4", c."FrecuenciaAdministracionMedicamento5", c."FrecuenciaAdministracionMedicamento6", c."FrecuenciaAdministracionMxPrincipal", c."FrecuenciaAjustada", c."GestionCompletaPendiente", c."HoraGestionFarmacia", c."HoraIngreso", c."HoraPromesaInicioTto", c."HoraRespuesta", c."IndicadorTiempoGestionMinutos", c."IndicadorTiempoRespuestaMinutos", c."IpsIntramuralRehospitalizacion", c."IpsQueRemite", c."KardexCerradoAtUtc", c."KardexCerradoPorFarmaciaId", c."KardexEdicionJson", c."LaboratorioClinicoProcedimiento", c."MedicamentoFrecuenciaAjustada", c."MedidaMedicamento2", c."MedidaMedicamento3", c."MedidaMedicamento4", c."MedidaMedicamento5", c."MedidaMedicamento6", c."MedidaMedicamentoPrincipal", c."MotivoNovedadDevolucionProductos", c."MotivoRehospitalizacion", c."MunicipioResidencia", c."Nebulizaciones", c."NombreMedicamentoNumero2", c."NombreMedicamentoNumero3", c."NombreMedicamentoNumero4", c."NombreMedicamentoNumero5", c."NombreMedicamentoNumero6", c."NombreMedicamentoPrincipalTratante", c."NombrePaciente", c."NombrePerfilGestionaCaso", c."NombreQuienGestionaAlta", c."NombreQuienRealizaSeguimientoAltaTardia", c."NombreRealizaKardex", c."NombreRecepcionaCaso", c."NotificacionAuxiliarDevolucionProductos", c."NumeroCalibreSonda", c."NumeroDiasAutorizado", c."NumeroDosisDiaMedicamentoPrincipal", c."NumeroDosisMedicamento2", c."NumeroDosisMedicamento3", c."NumeroDosisMedicamento4", c."NumeroDosisMedicamento5", c."NumeroDosisMedicamento6", c."NumeroIdentificacion", c."NumeroTelefonoLlamadaBienvenida", c."NutricionEnteral", c."NutricionParenteral", c."ObservacionAltaTardia", c."ObservacionRehospitalizacion", c."ObservacionesPlanManejo", c."PacienteAnticoagulado", c."PacienteGestante", c."PacienteRehospitalizado", c."Programa", c."ProrrogaCerradaAtUtc", c."ProrrogaCerradaPorFarmaciaId", c."ProrrogaJson", c."ProrrogaKardexEdicionJson", c."ProrrogaRequisicionFarmaciaJson", c."RemitidoPorRehospitalizacion", c."RequiereServiciosComplementarios", c."RequisicionFarmaciaJson", c."ResponsableLlamadaBienvenida", c."ServicioComplementario", c."SistemasPresionNegativaVac", c."Telefono1", c."Telefono2", c."Telefono3", c."TipoAislamiento", c."TipoIdentificacion", c."ViaAdministracionMedicamento2", c."ViaAdministracionMedicamento3", c."ViaAdministracionMedicamento4", c."ViaAdministracionMedicamento5", c."ViaAdministracionMedicamento6", c."ViaAdministracionMedicamentoPrincipal", c."VistoBuenoRangoFueraAnexo", c."ZonaDireccionSegunMunicipio"
      FROM censo AS c
      WHERE c."FarmaciaEstado" = 'Empacado' AND c."FarmaciaEmpacadoAtUtc" IS NOT NULL AND c."FarmaciaEmpacadoAtUtc" > @cutoffEmpacado
